"   ","CREATDT","DECODE(T.CUSTOMERFROM,'00','企"
"1","20130923","企业客户端"
"2","20131015","企业客户端"
"3","20131021","企业客户端"
"4","20131021","企业客户端"
"5","20131021","企业客户端"
"6","20131024","客户端迁移"
"7","20131025","客户端迁移"
"8","20131025","企业客户端"
"9","20131028","企业客户端"
"10","20131029","企业客户端"
"11","20131029","企业客户端"
"12","20131029","企业客户端"
"13","20131029","企业客户端"
"14","20131029","企业客户端"
"15","20131029","企业客户端"
"16","20131029","企业客户端"
"17","20131029","企业客户端"
"18","20131029","企业客户端"
"19","20131029","企业客户端"
"20","20131029","客户端迁移"
"21","20131029","企业客户端"
"22","20131029","企业客户端"
"23","20131029","企业客户端"
"24","20131030","客户端迁移"
"25","20131106","企业客户端"
"26","20131106","企业客户端"
"27","20131108","客户端迁移"
"28","20131112","企业客户端"
"29","20131113","企业客户端"
"30","20131114","企业客户端"
"31","20131114","企业客户端"
"32","20131115","客户端迁移"
"33","20131115","客户端迁移"
"34","20131115","企业客户端"
"35","20131118","客户端迁移"
"36","20131118","企业客户端"
"37","20131119","客户端迁移"
"38","20131120","客户端迁移"
"39","20131121","客户端迁移"
"40","20131122","企业客户端"
"41","20131122","企业客户端"
"42","20131125","企业客户端"
"43","20131125","企业客户端"
"44","20131126","企业客户端"
"45","20131126","客户端迁移"
"46","20131126","企业客户端"
"47","20131128","企业客户端"
"48","20131128","企业客户端"
"49","20131202","企业客户端"
"50","20131202","企业客户端"
"51","20131202","企业客户端"
"52","20131204","企业客户端"
"53","20131204","企业客户端"
"54","20131204","企业客户端"
"55","20131205","企业客户端"
"56","20131209","企业客户端"
"57","20131209","企业客户端"
"58","20131209","企业客户端"
"59","20131210","企业客户端"
"60","20131212","企业客户端"
"61","20131213","客户端迁移"
"62","20131213","企业客户端"
"63","20131213","企业客户端"
"64","20131213","企业客户端"
"65","20131213","企业客户端"
"66","20131213","客户端迁移"
"67","20131214","客户端迁移"
"68","20131216","企业客户端"
"69","20131217","企业客户端"
"70","20131217","客户端迁移"
"71","20131220","客户端迁移"
"72","20131220","客户端迁移"
"73","20131223","客户端迁移"
"74","20131223","企业客户端"
"75","20131223","企业客户端"
"76","20131223","企业客户端"
"77","20131224","客户端迁移"
"78","20131224","客户端迁移"
"79","20131224","企业客户端"
"80","20131224","企业客户端"
"81","20131225","企业客户端"
"82","20131225","企业客户端"
"83","20131225","企业客户端"
"84","20131225","企业客户端"
"85","20131225","企业客户端"
"86","20131225","企业客户端"
"87","20131225","企业客户端"
"88","20131226","企业客户端"
"89","20131226","客户端迁移"
"90","20131226","企业客户端"
"91","20131227","企业客户端"
"92","20131227","客户端迁移"
"93","20131227","客户端迁移"
"94","20131227","客户端迁移"
"95","20131227","企业客户端"
"96","20131227","企业客户端"
"97","20131230","企业客户端"
"98","20131231","企业客户端"
"99","20131231","企业客户端"
"100","20131231","企业客户端"
"101","20131231","客户端迁移"
"102","20131231","企业客户端"
"103","20140101","企业客户端"
"104","20140103","企业客户端"
"105","20140103","企业客户端"
"106","20140106","客户端迁移"
"107","20140106","企业客户端"
"108","20140106","企业客户端"
"109","20140106","客户端迁移"
"110","20140106","企业客户端"
"111","20140106","客户端迁移"
"112","20140106","客户端迁移"
"113","20140107","客户端迁移"
"114","20140108","企业客户端"
"115","20140108","企业客户端"
"116","20140109","企业客户端"
"117","20140109","客户端迁移"
"118","20140109","客户端迁移"
"119","20140109","企业客户端"
"120","20140110","企业客户端"
"121","20140110","企业客户端"
"122","20140114","企业客户端"
"123","20140114","企业客户端"
"124","20140114","客户端迁移"
"125","20140114","企业客户端"
"126","20140114","企业客户端"
"127","20140114","企业客户端"
"128","20140115","客户端迁移"
"129","20140115","企业客户端"
"130","20140116","客户端迁移"
"131","20140116","客户端迁移"
"132","20140116","企业客户端"
"133","20140116","客户端迁移"
"134","20140116","企业客户端"
"135","20140117","企业客户端"
"136","20140120","企业客户端"
"137","20140120","企业客户端"
"138","20140121","企业客户端"
"139","20140121","客户端迁移"
"140","20140121","企业客户端"
"141","20140123","客户端迁移"
"142","20140123","企业客户端"
"143","20140123","企业客户端"
"144","20140123","客户端迁移"
"145","20140123","企业客户端"
"146","20140123","客户端迁移"
"147","20140123","客户端迁移"
"148","20140123","企业客户端"
"149","20140124","客户端迁移"
"150","20140124","客户端迁移"
"151","20140127","企业客户端"
"152","20140127","企业客户端"
"153","20140127","企业客户端"
"154","20140127","企业客户端"
"155","20140127","企业客户端"
"156","20140127","客户端迁移"
"157","20140127","企业客户端"
"158","20140128","企业客户端"
"159","20140129","企业客户端"
"160","20140210","企业客户端"
"161","20140210","客户端迁移"
"162","20140210","企业客户端"
"163","20140210","企业客户端"
"164","20140210","企业客户端"
"165","20140210","企业客户端"
"166","20140210","客户端迁移"
"167","20140210","企业客户端"
"168","20140210","企业客户端"
"169","20140211","企业客户端"
"170","20140211","企业客户端"
"171","20140212","客户端迁移"
"172","20140213","企业客户端"
"173","20140213","企业客户端"
"174","20140213","企业客户端"
"175","20140213","企业客户端"
"176","20140213","企业客户端"
"177","20140213","企业客户端"
"178","20140213","客户端迁移"
"179","20140213","客户端迁移"
"180","20140213","企业客户端"
"181","20140213","客户端迁移"
"182","20140213","客户端迁移"
"183","20140214","企业客户端"
"184","20140214","客户端迁移"
"185","20140214","客户端迁移"
"186","20140214","企业客户端"
"187","20140214","企业客户端"
"188","20140214","客户端迁移"
"189","20140214","企业客户端"
"190","20140214","企业客户端"
"191","20140217","企业客户端"
"192","20140217","企业客户端"
"193","20140217","客户端迁移"
"194","20140217","企业客户端"
"195","20140217","企业客户端"
"196","20140217","企业客户端"
"197","20140217","企业客户端"
"198","20140217","客户端迁移"
"199","20140217","企业客户端"
"200","20140217","企业客户端"
"201","20140217","客户端迁移"
"202","20140217","企业客户端"
"203","20140217","企业客户端"
"204","20140217","企业客户端"
"205","20140217","企业客户端"
"206","20140217","企业客户端"
"207","20140217","企业客户端"
"208","20140217","客户端迁移"
"209","20140218","企业客户端"
"210","20140218","客户端迁移"
"211","20140218","企业客户端"
"212","20140218","客户端迁移"
"213","20140218","客户端迁移"
"214","20140218","企业客户端"
"215","20140219","企业客户端"
"216","20140219","企业客户端"
"217","20140219","企业客户端"
"218","20140219","企业客户端"
"219","20140219","客户端迁移"
"220","20140219","企业客户端"
"221","20140219","企业客户端"
"222","20140219","客户端迁移"
"223","20140220","企业客户端"
"224","20140220","企业客户端"
"225","20140220","客户端迁移"
"226","20140220","企业客户端"
"227","20140220","客户端迁移"
"228","20140220","客户端迁移"
"229","20140220","客户端迁移"
"230","20140220","企业客户端"
"231","20140220","企业客户端"
"232","20140220","企业客户端"
"233","20140220","客户端迁移"
"234","20140221","企业客户端"
"235","20140221","企业客户端"
"236","20140221","客户端迁移"
"237","20140221","客户端迁移"
"238","20140221","企业客户端"
"239","20140221","企业客户端"
"240","20140221","企业客户端"
"241","20140221","企业客户端"
"242","20140224","企业客户端"
"243","20140224","客户端迁移"
"244","20140224","企业客户端"
"245","20140224","企业客户端"
"246","20140224","客户端迁移"
"247","20140224","客户端迁移"
"248","20140224","客户端迁移"
"249","20140224","企业客户端"
"250","20140224","企业客户端"
"251","20140224","企业客户端"
"252","20140225","客户端迁移"
"253","20140225","企业客户端"
"254","20140225","企业客户端"
"255","20140225","企业客户端"
"256","20140225","企业客户端"
"257","20140225","客户端迁移"
"258","20140226","企业客户端"
"259","20140226","企业客户端"
"260","20140226","企业客户端"
"261","20140226","企业客户端"
"262","20140226","企业客户端"
"263","20140226","企业客户端"
"264","20140227","客户端迁移"
"265","20140227","客户端迁移"
"266","20140227","企业客户端"
"267","20140227","客户端迁移"
"268","20140227","企业客户端"
"269","20140228","企业客户端"
"270","20140228","企业客户端"
"271","20140228","客户端迁移"
"272","20140228","企业客户端"
"273","20140228","企业客户端"
"274","20140228","企业客户端"
"275","20140228","企业客户端"
"276","20140228","企业客户端"
"277","20140228","企业客户端"
"278","20140303","企业客户端"
"279","20140303","客户端迁移"
"280","20140303","企业客户端"
"281","20140303","企业客户端"
"282","20140303","客户端迁移"
"283","20140303","企业客户端"
"284","20140303","客户端迁移"
"285","20140303","客户端迁移"
"286","20140303","客户端迁移"
"287","20140304","企业客户端"
"288","20140304","客户端迁移"
"289","20140304","客户端迁移"
"290","20140305","企业客户端"
"291","20140305","企业客户端"
"292","20140305","企业客户端"
"293","20140305","客户端迁移"
"294","20140305","企业客户端"
"295","20140305","企业客户端"
"296","20140306","企业客户端"
"297","20140306","客户端迁移"
"298","20140306","企业客户端"
"299","20140306","企业客户端"
"300","20140306","企业客户端"
"301","20140307","客户端迁移"
"302","20140307","企业客户端"
"303","20140307","企业客户端"
"304","20140307","企业客户端"
"305","20140307","企业客户端"
"306","20140307","企业客户端"
"307","20140307","企业客户端"
"308","20140307","客户端迁移"
"309","20140307","企业客户端"
"310","20140307","企业客户端"
"311","20140307","企业客户端"
"312","20140307","客户端迁移"
"313","20140310","企业客户端"
"314","20140310","企业客户端"
"315","20140310","客户端迁移"
"316","20140310","企业客户端"
"317","20140310","企业客户端"
"318","20140310","企业客户端"
"319","20140310","企业客户端"
"320","20140310","企业客户端"
"321","20140311","客户端迁移"
"322","20140311","企业客户端"
"323","20140311","企业客户端"
"324","20140311","企业客户端"
"325","20140311","企业客户端"
"326","20140311","企业客户端"
"327","20140312","企业客户端"
"328","20140312","企业客户端"
"329","20140312","企业客户端"
"330","20140313","企业客户端"
"331","20140313","企业客户端"
"332","20140313","企业客户端"
"333","20140313","企业客户端"
"334","20140313","企业客户端"
"335","20140314","企业客户端"
"336","20140314","客户端迁移"
"337","20140317","企业客户端"
"338","20140317","客户端迁移"
"339","20140317","企业客户端"
"340","20140317","企业客户端"
"341","20140317","企业客户端"
"342","20140318","客户端迁移"
"343","20140318","企业客户端"
"344","20140318","企业客户端"
"345","20140318","客户端迁移"
"346","20140318","企业客户端"
"347","20140318","客户端迁移"
"348","20140319","企业客户端"
"349","20140319","企业客户端"
"350","20140319","企业客户端"
"351","20140320","企业客户端"
"352","20140320","企业客户端"
"353","20140320","企业客户端"
"354","20140320","企业客户端"
"355","20140320","企业客户端"
"356","20140321","客户端迁移"
"357","20140321","企业客户端"
"358","20140321","企业客户端"
"359","20140321","企业客户端"
"360","20140321","客户端迁移"
"361","20140321","企业客户端"
"362","20140321","客户端迁移"
"363","20140324","客户端迁移"
"364","20140324","企业客户端"
"365","20140324","客户端迁移"
"366","20140324","客户端迁移"
"367","20140324","企业客户端"
"368","20140324","客户端迁移"
"369","20140325","企业客户端"
"370","20140325","企业客户端"
"371","20140326","客户端迁移"
"372","20140326","客户端迁移"
"373","20140327","客户端迁移"
"374","20140327","企业客户端"
"375","20140327","客户端迁移"
"376","20140327","企业客户端"
"377","20140327","企业客户端"
"378","20140327","企业客户端"
"379","20140328","企业客户端"
"380","20140328","客户端迁移"
"381","20140331","企业客户端"
"382","20140331","客户端迁移"
"383","20140331","企业客户端"
"384","20140331","企业客户端"
"385","20140331","客户端迁移"
"386","20140331","企业客户端"
"387","20140331","企业客户端"
"388","20140401","企业客户端"
"389","20140401","企业客户端"
"390","20140401","企业客户端"
"391","20140401","企业客户端"
"392","20140401","企业客户端"
"393","20140401","企业客户端"
"394","20140401","客户端迁移"
"395","20140402","企业客户端"
"396","20140402","企业客户端"
"397","20140402","客户端迁移"
"398","20140402","客户端迁移"
"399","20140402","企业客户端"
"400","20140402","客户端迁移"
"401","20140402","企业客户端"
"402","20140402","企业客户端"
"403","20140402","客户端迁移"
"404","20140402","企业客户端"
"405","20140402","客户端迁移"
"406","20140403","企业客户端"
"407","20140403","客户端迁移"
"408","20140403","企业客户端"
"409","20140404","企业客户端"
"410","20140404","企业客户端"
"411","20140404","企业客户端"
"412","20140408","企业客户端"
"413","20140408","客户端迁移"
"414","20140408","企业客户端"
"415","20140408","客户端迁移"
"416","20140409","企业客户端"
"417","20140410","企业客户端"
"418","20140410","企业客户端"
"419","20140410","企业客户端"
"420","20140410","客户端迁移"
"421","20140410","企业客户端"
"422","20140410","企业客户端"
"423","20140410","企业客户端"
"424","20140410","企业客户端"
"425","20140410","客户端迁移"
"426","20140410","客户端迁移"
"427","20140411","企业客户端"
"428","20140411","企业客户端"
"429","20140411","客户端迁移"
"430","20140411","企业客户端"
"431","20140411","企业客户端"
"432","20140414","企业客户端"
"433","20140414","企业客户端"
"434","20140415","企业客户端"
"435","20140415","企业客户端"
"436","20140415","企业客户端"
"437","20140416","客户端迁移"
"438","20140416","企业客户端"
"439","20140416","客户端迁移"
"440","20140416","企业客户端"
"441","20140417","企业客户端"
"442","20140417","客户端迁移"
"443","20140417","企业客户端"
"444","20140421","企业客户端"
"445","20140421","客户端迁移"
"446","20140421","客户端迁移"
"447","20140422","企业客户端"
"448","20140423","企业客户端"
"449","20140424","企业客户端"
"450","20140425","企业客户端"
"451","20140425","客户端迁移"
"452","20140425","客户端迁移"
"453","20140425","企业客户端"
"454","20140425","企业客户端"
"455","20140425","客户端迁移"
"456","20140425","企业客户端"
"457","20140428","企业客户端"
"458","20140428","企业客户端"
"459","20140428","客户端迁移"
"460","20140430","客户端迁移"
"461","20140430","企业客户端"
"462","20140430","企业客户端"
"463","20140430","企业客户端"
"464","20140430","客户端迁移"
"465","20140507","企业客户端"
"466","20140507","企业客户端"
"467","20140508","客户端迁移"
"468","20140508","客户端迁移"
"469","20140512","企业客户端"
"470","20140512","企业客户端"
"471","20140512","企业客户端"
"472","20140513","企业客户端"
"473","20140513","企业客户端"
"474","20140513","企业客户端"
"475","20140513","企业客户端"
"476","20140514","客户端迁移"
"477","20140514","企业客户端"
"478","20140514","客户端迁移"
"479","20140514","企业客户端"
"480","20140515","客户端迁移"
"481","20140515","客户端迁移"
"482","20140515","企业客户端"
"483","20140516","企业客户端"
"484","20140519","客户端迁移"
"485","20140519","企业客户端"
"486","20140519","企业客户端"
"487","20140519","客户端迁移"
"488","20140519","企业客户端"
"489","20140519","企业客户端"
"490","20140522","企业客户端"
"491","20140523","企业客户端"
"492","20140526","企业客户端"
"493","20140526","客户端迁移"
"494","20140526","企业客户端"
"495","20140527","客户端迁移"
"496","20140528","企业客户端"
"497","20140530","企业客户端"
"498","20140530","企业客户端"
"499","20140603","企业客户端"
"500","20140604","企业客户端"
"501","20140605","企业客户端"
"502","20140605","企业客户端"
"503","20140609","客户端迁移"
"504","20140609","企业客户端"
"505","20140610","企业客户端"
"506","20140610","企业客户端"
"507","20140611","企业客户端"
"508","20140611","企业客户端"
"509","20140611","客户端迁移"
"510","20140612","客户端迁移"
"511","20140612","企业客户端"
"512","20140612","客户端迁移"
"513","20140613","企业客户端"
"514","20140613","企业客户端"
"515","20140616","企业客户端"
"516","20140616","企业客户端"
"517","20140616","企业客户端"
"518","20140616","企业客户端"
"519","20140617","企业客户端"
"520","20140619","客户端迁移"
"521","20140619","客户端迁移"
"522","20140620","企业客户端"
"523","20140624","企业客户端"
"524","20140624","企业客户端"
"525","20140624","企业客户端"
"526","20140625","客户端迁移"
"527","20140625","客户端迁移"
"528","20140625","客户端迁移"
"529","20140625","企业客户端"
"530","20140626","企业客户端"
"531","20140627","企业客户端"
"532","20140627","企业客户端"
"533","20140701","客户端迁移"
"534","20140701","企业客户端"
"535","20140702","企业客户端"
"536","20140702","企业客户端"
"537","20140702","客户端迁移"
"538","20140703","企业客户端"
"539","20140703","企业客户端"
"540","20140703","企业客户端"
"541","20140704","企业客户端"
"542","20140704","企业客户端"
"543","20140707","企业客户端"
"544","20140707","客户端迁移"
"545","20140708","客户端迁移"
"546","20140709","企业客户端"
"547","20140709","企业客户端"
"548","20140709","企业客户端"
"549","20140710","企业客户端"
"550","20140710","企业客户端"
"551","20140711","企业客户端"
"552","20140711","企业客户端"
"553","20140715","企业客户端"
"554","20140715","企业客户端"
"555","20140717","企业客户端"
"556","20140717","客户端迁移"
"557","20140717","企业客户端"
"558","20140717","企业客户端"
"559","20140717","企业客户端"
"560","20140718","企业客户端"
"561","20140718","企业客户端"
"562","20140721","企业客户端"
"563","20140721","客户端迁移"
"564","20140721","客户端迁移"
"565","20140722","企业客户端"
"566","20140723","企业客户端"
"567","20140723","企业客户端"
"568","20140724","企业客户端"
"569","20140724","企业客户端"
"570","20140724","企业客户端"
"571","20140724","企业客户端"
"572","20140724","企业客户端"
"573","20140725","企业客户端"
"574","20140725","企业客户端"
"575","20140725","客户端迁移"
"576","20140725","企业客户端"
"577","20140731","客户端迁移"
"578","20140731","企业客户端"
"579","20140731","企业客户端"
"580","20140801","企业客户端"
"581","20140801","企业客户端"
"582","20140801","客户端迁移"
"583","20140804","客户端迁移"
"584","20140804","企业客户端"
"585","20140804","企业客户端"
"586","20140804","企业客户端"
"587","20140805","企业客户端"
"588","20140805","企业客户端"
"589","20140805","企业客户端"
"590","20140805","客户端迁移"
"591","20140805","企业客户端"
"592","20140805","企业客户端"
"593","20140806","企业客户端"
"594","20140806","企业客户端"
"595","20140807","客户端迁移"
"596","20140807","企业客户端"
"597","20140807","企业客户端"
"598","20140808","企业客户端"
"599","20140808","企业客户端"
"600","20140808","企业客户端"
"601","20140811","企业客户端"
"602","20140811","客户端迁移"
"603","20140811","企业客户端"
"604","20140811","企业客户端"
"605","20140812","企业客户端"
"606","20140812","企业客户端"
"607","20140812","企业客户端"
"608","20140812","企业客户端"
"609","20140812","企业客户端"
"610","20140812","企业客户端"
"611","20140812","企业客户端"
"612","20140813","企业客户端"
"613","20140813","企业客户端"
"614","20140813","企业客户端"
"615","20140813","企业客户端"
"616","20140813","企业客户端"
"617","20140813","客户端迁移"
"618","20140813","企业客户端"
"619","20140813","企业客户端"
"620","20140813","企业客户端"
"621","20140814","企业客户端"
"622","20140814","企业客户端"
"623","20140814","企业客户端"
"624","20140814","企业客户端"
"625","20140814","企业客户端"
"626","20140814","企业客户端"
"627","20140814","企业客户端"
"628","20140814","企业客户端"
"629","20140815","企业客户端"
"630","20140815","企业客户端"
"631","20140815","企业客户端"
"632","20140815","企业客户端"
"633","20140815","企业客户端"
"634","20140815","企业客户端"
"635","20140815","企业客户端"
"636","20140818","企业客户端"
"637","20140818","企业客户端"
"638","20140818","企业客户端"
"639","20140818","企业客户端"
"640","20140818","企业客户端"
"641","20140818","企业客户端"
"642","20140818","企业客户端"
"643","20140818","企业客户端"
"644","20140818","企业客户端"
"645","20140819","企业客户端"
"646","20140819","企业客户端"
"647","20140819","企业客户端"
"648","20140819","企业客户端"
"649","20140819","企业客户端"
"650","20140819","企业客户端"
"651","20140819","客户端迁移"
"652","20140819","企业客户端"
"653","20140820","企业客户端"
"654","20140820","企业客户端"
"655","20140820","客户端迁移"
"656","20140820","企业客户端"
"657","20140820","企业客户端"
"658","20140820","企业客户端"
"659","20140820","企业客户端"
"660","20140820","企业客户端"
"661","20140820","企业客户端"
"662","20140820","企业客户端"
"663","20140820","企业客户端"
"664","20140820","企业客户端"
"665","20140820","企业客户端"
"666","20140821","企业客户端"
"667","20140821","企业客户端"
"668","20140821","企业客户端"
"669","20140821","客户端迁移"
"670","20140822","企业客户端"
"671","20140822","企业客户端"
"672","20140822","企业客户端"
"673","20140822","企业客户端"
"674","20140822","企业客户端"
"675","20140822","企业客户端"
"676","20140822","企业客户端"
"677","20140825","企业客户端"
"678","20140825","企业客户端"
"679","20140825","企业客户端"
"680","20140825","企业客户端"
"681","20140825","企业客户端"
"682","20140825","企业客户端"
"683","20140826","企业客户端"
"684","20140826","客户端迁移"
"685","20140826","客户端迁移"
"686","20140826","企业客户端"
"687","20140826","企业客户端"
"688","20140826","企业客户端"
"689","20140827","企业客户端"
"690","20140827","企业客户端"
"691","20140827","企业客户端"
"692","20140827","企业客户端"
"693","20140827","企业客户端"
"694","20140827","客户端迁移"
"695","20140828","企业客户端"
"696","20140828","企业客户端"
"697","20140828","企业客户端"
"698","20140828","企业客户端"
"699","20140829","企业客户端"
"700","20140901","企业客户端"
"701","20140902","企业客户端"
"702","20140902","企业客户端"
"703","20140902","企业客户端"
"704","20140902","客户端迁移"
"705","20140902","企业客户端"
"706","20140902","企业客户端"
"707","20140902","企业客户端"
"708","20140903","企业客户端"
"709","20140903","客户端迁移"
"710","20140903","客户端迁移"
"711","20140903","企业客户端"
"712","20140903","企业客户端"
"713","20140903","企业客户端"
"714","20140903","客户端迁移"
"715","20140903","企业客户端"
"716","20140904","企业客户端"
"717","20140904","企业客户端"
"718","20140904","客户端迁移"
"719","20140904","企业客户端"
"720","20140904","企业客户端"
"721","20140904","客户端迁移"
"722","20140905","企业客户端"
"723","20140905","企业客户端"
"724","20140905","企业客户端"
"725","20140905","企业客户端"
"726","20140905","企业客户端"
"727","20140905","企业客户端"
"728","20140905","客户端迁移"
"729","20140909","企业客户端"
"730","20140909","企业客户端"
"731","20140909","企业客户端"
"732","20140909","企业客户端"
"733","20140909","企业客户端"
"734","20140909","企业客户端"
"735","20140909","企业客户端"
"736","20140909","企业客户端"
"737","20140910","客户端迁移"
"738","20140910","客户端迁移"
"739","20140910","企业客户端"
"740","20140910","企业客户端"
"741","20140911","企业客户端"
"742","20140911","企业客户端"
"743","20140911","企业客户端"
"744","20140911","企业客户端"
"745","20140911","企业客户端"
"746","20140911","企业客户端"
"747","20140911","客户端迁移"
"748","20140911","企业客户端"
"749","20140911","企业客户端"
"750","20140911","客户端迁移"
"751","20140911","企业客户端"
"752","20140911","企业客户端"
"753","20140911","企业客户端"
"754","20140911","企业客户端"
"755","20140911","企业客户端"
"756","20140912","企业客户端"
"757","20140912","企业客户端"
"758","20140915","客户端迁移"
"759","20140915","企业客户端"
"760","20140915","企业客户端"
"761","20140915","企业客户端"
"762","20140915","企业客户端"
"763","20140916","企业客户端"
"764","20140917","客户端迁移"
"765","20140917","企业客户端"
"766","20140918","企业客户端"
"767","20140918","企业客户端"
"768","20140919","企业客户端"
"769","20140919","企业客户端"
"770","20140919","企业客户端"
"771","20140919","企业客户端"
"772","20140919","企业客户端"
"773","20140919","企业客户端"
"774","20140922","企业客户端"
"775","20140922","企业客户端"
"776","20140922","企业客户端"
"777","20140922","客户端迁移"
"778","20140922","企业客户端"
"779","20140922","客户端迁移"
"780","20140923","企业客户端"
"781","20140923","客户端迁移"
"782","20140924","企业客户端"
"783","20140924","企业客户端"
"784","20140924","企业客户端"
"785","20140924","企业客户端"
"786","20140925","企业客户端"
"787","20140925","企业客户端"
"788","20140926","企业客户端"
"789","20140926","企业客户端"
"790","20140926","企业客户端"
"791","20140926","客户端迁移"
"792","20140926","企业客户端"
"793","20140929","企业客户端"
"794","20140929","企业客户端"
"795","20140929","企业客户端"
"796","20140929","企业客户端"
"797","20140929","企业客户端"
"798","20140929","企业客户端"
"799","20140929","客户端迁移"
"800","20140929","客户端迁移"
"801","20140929","企业客户端"
"802","20140929","企业客户端"
"803","20140930","企业客户端"
"804","20140930","企业客户端"
"805","20140930","企业客户端"
"806","20141008","企业客户端"
"807","20141008","企业客户端"
"808","20141008","企业客户端"
"809","20141008","企业客户端"
"810","20141008","客户端迁移"
"811","20141008","企业客户端"
"812","20141008","企业客户端"
"813","20141008","企业客户端"
"814","20141008","企业客户端"
"815","20141009","企业客户端"
"816","20141009","企业客户端"
"817","20141009","企业客户端"
"818","20141010","企业客户端"
"819","20141010","企业客户端"
"820","20141010","企业客户端"
"821","20141010","客户端迁移"
"822","20141010","企业客户端"
"823","20141013","客户端迁移"
"824","20141013","企业客户端"
"825","20141013","企业客户端"
"826","20141013","客户端迁移"
"827","20141013","客户端迁移"
"828","20141013","企业客户端"
"829","20141013","企业客户端"
"830","20141013","企业客户端"
"831","20141014","企业客户端"
"832","20141014","客户端迁移"
"833","20141014","企业客户端"
"834","20141014","企业客户端"
"835","20141015","企业客户端"
"836","20141015","企业客户端"
"837","20141015","企业客户端"
"838","20141016","企业客户端"
"839","20141016","企业客户端"
"840","20141017","企业客户端"
"841","20141017","企业客户端"
"842","20141017","企业客户端"
"843","20141017","企业客户端"
"844","20141020","企业客户端"
"845","20141021","客户端迁移"
"846","20141021","企业客户端"
"847","20141021","企业客户端"
"848","20141022","企业客户端"
"849","20141022","企业客户端"
"850","20141022","企业客户端"
"851","20141023","企业客户端"
"852","20141023","企业客户端"
"853","20141023","客户端迁移"
"854","20141024","企业客户端"
"855","20141024","企业客户端"
"856","20141024","企业客户端"
"857","20141024","企业客户端"
"858","20141024","企业客户端"
"859","20141027","企业客户端"
"860","20141028","企业客户端"
"861","20141028","客户端迁移"
"862","20141028","企业客户端"
"863","20141029","企业客户端"
"864","20141029","企业客户端"
"865","20141029","企业客户端"
"866","20141029","企业客户端"
"867","20141030","企业客户端"
"868","20141030","客户端迁移"
"869","20141030","企业客户端"
"870","20141030","企业客户端"
"871","20141030","企业客户端"
"872","20141030","企业客户端"
"873","20141030","企业客户端"
"874","20141031","企业客户端"
"875","20141031","企业客户端"
"876","20141031","企业客户端"
"877","20141031","企业客户端"
"878","20141031","企业客户端"
"879","20141103","企业客户端"
"880","20141103","企业客户端"
"881","20141103","客户端迁移"
"882","20141103","企业客户端"
"883","20141104","客户端迁移"
"884","20141105","企业客户端"
"885","20141106","企业客户端"
"886","20141106","企业客户端"
"887","20141107","企业客户端"
"888","20141107","企业客户端"
"889","20141107","企业客户端"
"890","20141110","企业客户端"
"891","20141110","企业客户端"
"892","20141110","企业客户端"
"893","20141110","企业客户端"
"894","20141110","企业客户端"
"895","20141110","企业客户端"
"896","20141110","客户端迁移"
"897","20141111","企业客户端"
"898","20141112","企业客户端"
"899","20141112","企业客户端"
"900","20141112","客户端迁移"
"901","20141113","企业客户端"
"902","20141113","企业客户端"
"903","20141113","企业客户端"
"904","20141114","企业客户端"
"905","20141114","企业客户端"
"906","20141114","企业客户端"
"907","20141114","企业客户端"
"908","20141114","企业客户端"
"909","20141114","企业客户端"
"910","20141114","企业客户端"
"911","20141114","企业客户端"
"912","20141114","企业客户端"
"913","20141114","客户端迁移"
"914","20141117","企业客户端"
"915","20141117","企业客户端"
"916","20141117","企业客户端"
"917","20141117","企业客户端"
"918","20141117","企业客户端"
"919","20141117","企业客户端"
"920","20141118","客户端迁移"
"921","20141118","企业客户端"
"922","20141119","企业客户端"
"923","20141119","企业客户端"
"924","20141119","企业客户端"
"925","20141119","企业客户端"
"926","20141120","企业客户端"
"927","20141120","企业客户端"
"928","20141120","企业客户端"
"929","20141120","企业客户端"
"930","20141121","企业客户端"
"931","20141121","企业客户端"
"932","20141121","企业客户端"
"933","20141121","企业客户端"
"934","20141121","企业客户端"
"935","20141124","企业客户端"
"936","20141125","企业客户端"
"937","20141126","企业客户端"
"938","20141126","客户端迁移"
"939","20141126","企业客户端"
"940","20141126","企业客户端"
"941","20141126","企业客户端"
"942","20141127","企业客户端"
"943","20141127","企业客户端"
"944","20141127","企业客户端"
"945","20141127","企业客户端"
"946","20141127","企业客户端"
"947","20141127","企业客户端"
"948","20141128","企业客户端"
"949","20141128","企业客户端"
"950","20141128","企业客户端"
"951","20141201","企业客户端"
"952","20141202","企业客户端"
"953","20141202","客户端迁移"
"954","20141204","企业客户端"
"955","20141204","客户端迁移"
"956","20141205","企业客户端"
"957","20141208","企业客户端"
"958","20141208","企业客户端"
"959","20141208","企业客户端"
"960","20141208","企业客户端"
"961","20141209","客户端迁移"
"962","20141210","企业客户端"
"963","20141210","客户端迁移"
"964","20141211","客户端迁移"
"965","20141211","企业客户端"
"966","20141211","企业客户端"
"967","20141211","企业客户端"
"968","20141212","企业客户端"
"969","20141212","企业客户端"
"970","20141212","企业客户端"
"971","20141212","企业客户端"
"972","20141212","企业客户端"
"973","20141212","企业客户端"
"974","20141215","企业客户端"
"975","20141216","企业客户端"
"976","20141216","企业客户端"
"977","20141216","企业客户端"
"978","20141216","企业客户端"
"979","20141216","企业客户端"
"980","20141218","企业客户端"
"981","20141218","客户端迁移"
"982","20141219","企业客户端"
"983","20141219","企业客户端"
"984","20141222","企业客户端"
"985","20141222","客户端迁移"
"986","20141222","企业客户端"
"987","20141223","企业客户端"
"988","20141223","企业客户端"
"989","20141223","企业客户端"
"990","20141223","企业客户端"
"991","20141224","企业客户端"
"992","20141225","企业客户端"
"993","20141226","企业客户端"
"994","20141226","企业客户端"
"995","20141226","企业客户端"
"996","20141229","企业客户端"
"997","20141229","企业客户端"
"998","20141231","企业客户端"
"999","20141231","企业客户端"
"1000","20141231","客户端迁移"
"1001","20150105","企业客户端"
"1002","20150105","客户端迁移"
"1003","20150105","企业客户端"
"1004","20150105","企业客户端"
"1005","20150105","企业客户端"
"1006","20150105","企业客户端"
"1007","20150105","客户端迁移"
"1008","20150106","客户端迁移"
"1009","20150106","客户端迁移"
"1010","20150106","企业客户端"
"1011","20150107","企业客户端"
"1012","20150108","企业客户端"
"1013","20150108","企业客户端"
"1014","20150108","客户端迁移"
"1015","20150109","客户端迁移"
"1016","20150112","企业客户端"
"1017","20150113","企业客户端"
"1018","20150113","企业客户端"
"1019","20150113","客户端迁移"
"1020","20150114","企业客户端"
"1021","20150115","企业客户端"
"1022","20150116","企业客户端"
"1023","20150119","企业客户端"
"1024","20150119","企业客户端"
"1025","20150119","企业客户端"
"1026","20150120","客户端迁移"
"1027","20150120","客户端迁移"
"1028","20150120","企业客户端"
"1029","20150120","客户端迁移"
"1030","20150121","企业客户端"
"1031","20150122","企业客户端"
"1032","20150126","企业客户端"
"1033","20150127","企业客户端"
"1034","20150129","企业客户端"
"1035","20150130","企业客户端"
"1036","20150130","企业客户端"
"1037","20150130","企业客户端"
"1038","20150130","客户端迁移"
"1039","20150130","企业客户端"
"1040","20150202","客户端迁移"
"1041","20150202","企业客户端"
"1042","20150202","企业客户端"
"1043","20150204","客户端迁移"
"1044","20150204","企业客户端"
"1045","20150205","企业客户端"
"1046","20150206","企业客户端"
"1047","20150206","企业客户端"
"1048","20150206","企业客户端"
"1049","20150206","企业客户端"
"1050","20150206","企业客户端"
"1051","20150206","企业客户端"
"1052","20150209","企业客户端"
"1053","20150209","企业客户端"
"1054","20150209","企业客户端"
"1055","20150209","企业客户端"
"1056","20150209","企业客户端"
"1057","20150209","企业客户端"
"1058","20150210","企业客户端"
"1059","20150210","企业客户端"
"1060","20150210","企业客户端"
"1061","20150210","企业客户端"
"1062","20150210","企业客户端"
"1063","20150210","企业客户端"
"1064","20150210","企业客户端"
"1065","20150210","企业客户端"
"1066","20150210","企业客户端"
"1067","20150210","企业客户端"
"1068","20150210","企业客户端"
"1069","20150210","企业客户端"
"1070","20150210","企业客户端"
"1071","20150211","企业客户端"
"1072","20150211","企业客户端"
"1073","20150211","企业客户端"
"1074","20150211","企业客户端"
"1075","20150211","企业客户端"
"1076","20150211","企业客户端"
"1077","20150212","企业客户端"
"1078","20150212","企业客户端"
"1079","20150213","企业客户端"
"1080","20150213","企业客户端"
"1081","20150213","企业客户端"
"1082","20150213","企业客户端"
"1083","20150216","企业客户端"
"1084","20150216","客户端迁移"
"1085","20150216","企业客户端"
"1086","20150217","企业客户端"
"1087","20150217","客户端迁移"
"1088","20150226","企业客户端"
"1089","20150226","企业客户端"
"1090","20150227","企业客户端"
"1091","20150227","企业客户端"
"1092","20150227","企业客户端"
"1093","20150227","企业客户端"
"1094","20150227","企业客户端"
"1095","20150227","企业客户端"
"1096","20150302","企业客户端"
"1097","20150302","企业客户端"
"1098","20150302","企业客户端"
"1099","20150302","企业客户端"
"1100","20150303","客户端迁移"
"1101","20150303","企业客户端"
"1102","20150303","企业客户端"
"1103","20150303","企业客户端"
"1104","20150304","企业客户端"
"1105","20150304","企业客户端"
"1106","20150304","企业客户端"
"1107","20150304","企业客户端"
"1108","20150305","企业客户端"
"1109","20150305","企业客户端"
"1110","20150306","企业客户端"
"1111","20150306","企业客户端"
"1112","20150309","企业客户端"
"1113","20150309","企业客户端"
"1114","20150309","企业客户端"
"1115","20150309","企业客户端"
"1116","20150309","企业客户端"
"1117","20150309","企业客户端"
"1118","20150309","企业客户端"
"1119","20150309","企业客户端"
"1120","20150309","企业客户端"
"1121","20150309","企业客户端"
"1122","20150310","企业客户端"
"1123","20150310","企业客户端"
"1124","20150310","企业客户端"
"1125","20150310","企业客户端"
"1126","20150310","企业客户端"
"1127","20150311","企业客户端"
"1128","20150311","企业客户端"
"1129","20150311","企业客户端"
"1130","20150311","客户端迁移"
"1131","20150311","企业客户端"
"1132","20150311","企业客户端"
"1133","20150312","企业客户端"
"1134","20150313","企业客户端"
"1135","20150313","企业客户端"
"1136","20150313","企业客户端"
"1137","20150313","企业客户端"
"1138","20150313","企业客户端"
"1139","20150313","企业客户端"
"1140","20150313","企业客户端"
"1141","20150313","企业客户端"
"1142","20150313","企业客户端"
"1143","20150316","企业客户端"
"1144","20150316","企业客户端"
"1145","20150316","企业客户端"
"1146","20150316","客户端迁移"
"1147","20150316","企业客户端"
"1148","20150316","企业客户端"
"1149","20150317","企业客户端"
"1150","20150317","企业客户端"
"1151","20150317","企业客户端"
"1152","20150317","企业客户端"
"1153","20150317","企业客户端"
"1154","20150318","企业客户端"
"1155","20150318","企业客户端"
"1156","20150318","企业客户端"
"1157","20150318","企业客户端"
"1158","20150318","企业客户端"
"1159","20150319","企业客户端"
"1160","20150319","企业客户端"
"1161","20150319","企业客户端"
"1162","20150320","企业客户端"
"1163","20150320","客户端迁移"
"1164","20150320","企业客户端"
"1165","20150323","企业客户端"
"1166","20150323","企业客户端"
"1167","20150323","企业客户端"
"1168","20150323","企业客户端"
"1169","20150324","企业客户端"
"1170","20150324","企业客户端"
"1171","20150325","客户端迁移"
"1172","20150325","企业客户端"
"1173","20150326","企业客户端"
"1174","20150326","企业客户端"
"1175","20150326","企业客户端"
"1176","20150326","客户端迁移"
"1177","20150326","企业客户端"
"1178","20150327","企业客户端"
"1179","20150327","企业客户端"
"1180","20150330","企业客户端"
"1181","20150330","企业客户端"
"1182","20150330","企业客户端"
"1183","20150331","企业客户端"
"1184","20150331","企业客户端"
"1185","20150331","企业客户端"
"1186","20150331","企业客户端"
"1187","20150331","企业客户端"
"1188","20150401","企业客户端"
"1189","20150401","企业客户端"
"1190","20150401","客户端迁移"
"1191","20150401","企业客户端"
"1192","20150401","企业客户端"
"1193","20150402","企业客户端"
"1194","20150402","企业客户端"
"1195","20150402","企业客户端"
"1196","20150402","企业客户端"
"1197","20150402","企业客户端"
"1198","20150403","企业客户端"
"1199","20150403","企业客户端"
"1200","20150407","企业客户端"
"1201","20150407","企业客户端"
"1202","20150408","客户端迁移"
"1203","20150409","企业客户端"
"1204","20150410","企业客户端"
"1205","20150410","企业客户端"
"1206","20150410","客户端迁移"
"1207","20150413","客户端迁移"
"1208","20150413","企业客户端"
"1209","20150414","企业客户端"
"1210","20150414","客户端迁移"
"1211","20150414","企业客户端"
"1212","20150415","企业客户端"
"1213","20150415","企业客户端"
"1214","20150416","企业客户端"
"1215","20150417","企业客户端"
"1216","20150417","企业客户端"
"1217","20150417","企业客户端"
"1218","20150420","企业客户端"
"1219","20150420","客户端迁移"
"1220","20150421","企业客户端"
"1221","20150422","企业客户端"
"1222","20150424","企业客户端"
"1223","20150427","企业客户端"
"1224","20150427","企业客户端"
"1225","20150428","企业客户端"
"1226","20150428","企业客户端"
"1227","20150428","客户端迁移"
"1228","20150428","企业客户端"
"1229","20150430","企业客户端"
"1230","20150430","企业客户端"
"1231","20150430","企业客户端"
"1232","20150504","企业客户端"
"1233","20150505","企业客户端"
"1234","20150506","企业客户端"
"1235","20150506","企业客户端"
"1236","20150506","客户端迁移"
"1237","20150506","企业客户端"
"1238","20150506","企业客户端"
"1239","20150507","企业客户端"
"1240","20150507","客户端迁移"
"1241","20150507","企业客户端"
"1242","20150508","企业客户端"
"1243","20150508","企业客户端"
"1244","20150511","客户端迁移"
"1245","20150511","客户端迁移"
"1246","20150511","企业客户端"
"1247","20150511","企业客户端"
"1248","20150512","企业客户端"
"1249","20150512","企业客户端"
"1250","20150512","企业客户端"
"1251","20150512","客户端迁移"
"1252","20150512","企业客户端"
"1253","20150513","企业客户端"
"1254","20150513","企业客户端"
"1255","20150513","企业客户端"
"1256","20150514","企业客户端"
"1257","20150514","企业客户端"
"1258","20150514","企业客户端"
"1259","20150514","企业客户端"
"1260","20150515","企业客户端"
"1261","20150515","企业客户端"
"1262","20150515","企业客户端"
"1263","20150518","企业客户端"
"1264","20150518","企业客户端"
"1265","20150518","客户端迁移"
"1266","20150519","企业客户端"
"1267","20150520","企业客户端"
"1268","20150520","客户端迁移"
"1269","20150520","企业客户端"
"1270","20150520","企业客户端"
"1271","20150520","企业客户端"
"1272","20150520","企业客户端"
"1273","20150520","企业客户端"
"1274","20150521","企业客户端"
"1275","20150521","企业客户端"
"1276","20150521","企业客户端"
"1277","20150521","企业客户端"
"1278","20150521","客户端迁移"
"1279","20150521","企业客户端"
"1280","20150522","企业客户端"
"1281","20150522","企业客户端"
"1282","20150522","企业客户端"
"1283","20150525","企业客户端"
"1284","20150525","企业客户端"
"1285","20150525","企业客户端"
"1286","20150525","企业客户端"
"1287","20150525","企业客户端"
"1288","20150525","企业客户端"
"1289","20150526","企业客户端"
"1290","20150526","企业客户端"
"1291","20150526","企业客户端"
"1292","20150526","企业客户端"
"1293","20150526","客户端迁移"
"1294","20150526","企业客户端"
"1295","20150527","企业客户端"
"1296","20150527","客户端迁移"
"1297","20150528","企业客户端"
"1298","20150528","企业客户端"
"1299","20150528","企业客户端"
"1300","20150529","企业客户端"
"1301","20150529","企业客户端"
"1302","20150601","企业客户端"
"1303","20150602","企业客户端"
"1304","20150602","企业客户端"
"1305","20150603","企业客户端"
"1306","20150603","企业客户端"
"1307","20150605","客户端迁移"
"1308","20150608","企业客户端"
"1309","20150608","企业客户端"
"1310","20150609","客户端迁移"
"1311","20150609","企业客户端"
"1312","20150609","企业客户端"
"1313","20150610","企业客户端"
"1314","20150610","企业客户端"
"1315","20150610","企业客户端"
"1316","20150610","企业客户端"
"1317","20150610","企业客户端"
"1318","20150610","企业客户端"
"1319","20150611","客户端迁移"
"1320","20150612","企业客户端"
"1321","20150612","企业客户端"
"1322","20150615","企业客户端"
"1323","20150616","企业客户端"
"1324","20150616","企业客户端"
"1325","20150617","企业客户端"
"1326","20150617","企业客户端"
"1327","20150618","客户端迁移"
"1328","20150618","企业客户端"
"1329","20150618","客户端迁移"
"1330","20150618","企业客户端"
"1331","20150619","企业客户端"
"1332","20150619","企业客户端"
"1333","20150623","企业客户端"
"1334","20150623","客户端迁移"
"1335","20150623","企业客户端"
"1336","20150623","企业客户端"
"1337","20150624","企业客户端"
"1338","20150624","企业客户端"
"1339","20150624","企业客户端"
"1340","20150624","企业客户端"
"1341","20150624","企业客户端"
"1342","20150624","企业客户端"
"1343","20150626","企业客户端"
"1344","20150626","企业客户端"
"1345","20150626","客户端迁移"
"1346","20150626","企业客户端"
"1347","20150626","企业客户端"
"1348","20150626","客户端迁移"
"1349","20150626","企业客户端"
"1350","20150626","企业客户端"
"1351","20150629","企业客户端"
"1352","20150629","企业客户端"
"1353","20150629","企业客户端"
"1354","20150629","企业客户端"
"1355","20150629","企业客户端"
"1356","20150629","企业客户端"
"1357","20150629","企业客户端"
"1358","20150629","企业客户端"
"1359","20150629","企业客户端"
"1360","20150629","企业客户端"
"1361","20150629","企业客户端"
"1362","20150629","企业客户端"
"1363","20150629","企业客户端"
"1364","20150629","企业客户端"
"1365","20150629","企业客户端"
"1366","20150629","企业客户端"
"1367","20150629","企业客户端"
"1368","20150629","企业客户端"
"1369","20150629","企业客户端"
"1370","20150629","企业客户端"
"1371","20150630","企业客户端"
"1372","20150630","企业客户端"
"1373","20150630","企业客户端"
"1374","20150630","企业客户端"
"1375","20150630","企业客户端"
"1376","20150630","企业客户端"
"1377","20150630","企业客户端"
"1378","20150630","企业客户端"
"1379","20150630","企业客户端"
"1380","20150630","企业客户端"
"1381","20150630","企业客户端"
"1382","20150630","企业客户端"
"1383","20150630","企业客户端"
"1384","20150630","企业客户端"
"1385","20150701","企业客户端"
"1386","20150701","企业客户端"
"1387","20150701","企业客户端"
"1388","20150701","企业客户端"
"1389","20150701","企业客户端"
"1390","20150702","企业客户端"
"1391","20150702","企业客户端"
"1392","20150702","客户端迁移"
"1393","20150703","客户端迁移"
"1394","20150703","客户端迁移"
"1395","20150703","企业客户端"
"1396","20150703","企业客户端"
"1397","20150703","企业客户端"
"1398","20150706","企业客户端"
"1399","20150706","企业客户端"
"1400","20150707","企业客户端"
"1401","20150708","客户端迁移"
"1402","20150710","客户端迁移"
"1403","20150710","企业客户端"
"1404","20150710","企业客户端"
"1405","20150710","客户端迁移"
"1406","20150713","客户端迁移"
"1407","20150713","企业客户端"
"1408","20150715","企业客户端"
"1409","20150716","企业客户端"
"1410","20150716","企业客户端"
"1411","20150717","客户端迁移"
"1412","20150720","企业客户端"
"1413","20150720","客户端迁移"
"1414","20150721","客户端迁移"
"1415","20150723","客户端迁移"
"1416","20150723","客户端迁移"
"1417","20150724","企业客户端"
"1418","20150724","企业客户端"
"1419","20150724","企业客户端"
"1420","20150725","企业web版"
"1421","20150725","企业web版"
"1422","20150727","企业web版"
"1423","20150727","企业客户端"
"1424","20150727","企业客户端"
"1425","20150727","企业客户端"
"1426","20150727","企业客户端"
"1427","20150728","企业客户端"
"1428","20150728","企业客户端"
"1429","20150728","企业客户端"
"1430","20150728","企业web版"
"1431","20150728","企业web版"
"1432","20150729","企业web版"
"1433","20150729","企业客户端"
"1434","20150730","企业客户端"
"1435","20150731","客户端迁移"
"1436","20150731","客户端迁移"
"1437","20150803","企业web版"
"1438","20150804","客户端迁移"
"1439","20150804","企业客户端"
"1440","20150804","客户端迁移"
"1441","20150805","企业客户端"
"1442","20150806","客户端迁移"
"1443","20150806","客户端迁移"
"1444","20150806","企业web版"
"1445","20150806","企业客户端"
"1446","20150807","客户端迁移"
"1447","20150807","企业web版"
"1448","20150807","客户端迁移"
"1449","20150807","企业web版"
"1450","20150807","企业客户端"
"1451","20150807","企业web版"
"1452","20150807","客户端迁移"
"1453","20150810","企业客户端"
"1454","20150810","企业web版"
"1455","20150812","客户端迁移"
"1456","20150812","企业web版"
"1457","20150812","企业web版"
"1458","20150813","企业客户端"
"1459","20150813","客户端迁移"
"1460","20150817","企业web版"
"1461","20150818","企业客户端"
"1462","20150818","企业客户端"
"1463","20150818","客户端迁移"
"1464","20150818","企业客户端"
"1465","20150819","客户端迁移"
"1466","20150819","企业客户端"
"1467","20150820","企业客户端"
"1468","20150820","客户端迁移"
"1469","20150820","客户端迁移"
"1470","20150824","企业web版"
"1471","20150824","企业客户端"
"1472","20150824","企业web版"
"1473","20150824","企业web版"
"1474","20150825","客户端迁移"
"1475","20150825","企业web版"
"1476","20150826","客户端迁移"
"1477","20150826","客户端迁移"
"1478","20150826","企业web版"
"1479","20150827","企业web版"
"1480","20150827","企业web版"
"1481","20150827","企业web版"
"1482","20150827","企业web版"
"1483","20150827","企业web版"
"1484","20150827","企业web版"
"1485","20150827","企业web版"
"1486","20150827","企业web版"
"1487","20150828","客户端迁移"
"1488","20150828","企业客户端"
"1489","20150828","客户端迁移"
"1490","20150831","企业客户端"
"1491","20150901","企业web版"
"1492","20150901","企业web版"
"1493","20150901","企业web版"
"1494","20150902","企业客户端"
"1495","20150906","企业web版"
"1496","20150907","企业web版"
"1497","20150907","企业客户端"
"1498","20150907","企业web版"
"1499","20150907","企业客户端"
"1500","20150907","企业web版"
"1501","20150908","企业客户端"
"1502","20150908","企业web版"
"1503","20150909","企业web版"
"1504","20150909","客户端迁移"
"1505","20150910","企业web版"
"1506","20150910","客户端迁移"
"1507","20150910","企业web版"
"1508","20150910","企业web版"
"1509","20150910","企业web版"
"1510","20150910","企业web版"
"1511","20150911","企业客户端"
"1512","20150911","企业web版"
"1513","20150911","企业客户端"
"1514","20150911","客户端迁移"
"1515","20150914","企业web版"
"1516","20150914","企业web版"
"1517","20150914","企业web版"
"1518","20150914","企业web版"
"1519","20150914","企业客户端"
"1520","20150914","企业web版"
"1521","20150915","企业web版"
"1522","20150915","企业web版"
"1523","20150916","企业web版"
"1524","20150916","企业web版"
"1525","20150916","企业web版"
"1526","20150916","企业web版"
"1527","20150916","企业web版"
"1528","20150916","企业web版"
"1529","20150917","企业web版"
"1530","20150917","企业web版"
"1531","20150917","企业web版"
"1532","20150917","企业web版"
"1533","20150917","企业web版"
"1534","20150917","企业web版"
"1535","20150917","企业web版"
"1536","20150917","企业web版"
"1537","20150918","企业web版"
"1538","20150919","企业web版"
"1539","20150921","企业web版"
"1540","20150921","企业web版"
"1541","20150921","企业web版"
"1542","20150921","企业web版"
"1543","20150922","企业web版"
"1544","20150922","企业web版"
"1545","20150922","企业web版"
"1546","20150922","企业web版"
"1547","20150922","企业web版"
"1548","20150922","企业web版"
"1549","20150923","企业web版"
"1550","20150923","企业客户端"
"1551","20150923","企业客户端"
"1552","20150924","企业web版"
"1553","20150924","企业web版"
"1554","20150924","企业web版"
"1555","20150924","企业web版"
"1556","20150925","企业web版"
"1557","20150925","企业web版"
"1558","20150925","企业web版"
"1559","20150928","企业客户端"
"1560","20150928","企业web版"
"1561","20150928","企业web版"
"1562","20150928","企业web版"
"1563","20150929","客户端迁移"
"1564","20150929","企业web版"
"1565","20150930","企业web版"
"1566","20150930","企业web版"
"1567","20150930","企业客户端"
"1568","20150930","企业web版"
"1569","20151009","企业web版"
"1570","20151009","企业web版"
"1571","20151009","企业web版"
"1572","20151009","企业客户端"
"1573","20151010","企业web版"
"1574","20151012","企业客户端"
"1575","20151012","柜台迁移"
"1576","20151012","企业web版"
"1577","20151012","企业客户端"
"1578","20151012","企业web版"
"1579","20151013","企业web版"
"1580","20151013","企业客户端"
"1581","20151013","企业web版"
"1582","20151014","企业web版"
"1583","20151015","企业web版"
"1584","20151015","企业web版"
"1585","20151016","企业web版"
"1586","20151016","企业web版"
"1587","20151016","企业web版"
"1588","20151017","企业web版"
"1589","20151019","企业web版"
"1590","20151019","企业web版"
"1591","20151019","企业web版"
"1592","20151019","企业web版"
"1593","20151019","企业web版"
"1594","20151019","企业web版"
"1595","20151019","企业web版"
"1596","20151020","企业web版"
"1597","20151020","企业web版"
"1598","20151021","企业web版"
"1599","20151021","企业客户端"
"1600","20151021","企业web版"
"1601","20151021","企业web版"
"1602","20151021","企业web版"
"1603","20151021","企业web版"
"1604","20151022","企业web版"
"1605","20151023","企业客户端"
"1606","20151023","企业web版"
"1607","20151023","企业web版"
"1608","20151025","企业web版"
"1609","20151025","企业web版"
"1610","20151025","企业web版"
"1611","20151025","企业web版"
"1612","20151025","企业web版"
"1613","20151025","企业web版"
"1614","20151025","企业web版"
"1615","20151025","企业web版"
"1616","20151026","企业web版"
"1617","20151026","企业web版"
"1618","20151027","企业web版"
"1619","20151027","企业客户端"
"1620","20151027","企业web版"
"1621","20151027","企业web版"
"1622","20151028","企业web版"
"1623","20151028","企业web版"
"1624","20151028","企业web版"
"1625","20151029","企业web版"
"1626","20151029","企业web版"
"1627","20151029","企业web版"
"1628","20151029","企业web版"
"1629","20151029","企业web版"
"1630","20151029","企业web版"
"1631","20151029","企业web版"
"1632","20151029","企业web版"
"1633","20151029","企业web版"
"1634","20151029","企业web版"
"1635","20151030","企业web版"
"1636","20151030","企业web版"
"1637","20151030","企业web版"
"1638","20151030","企业web版"
"1639","20151030","企业web版"
"1640","20151030","企业web版"
"1641","20151030","企业web版"
"1642","20151102","企业web版"
"1643","20151103","企业web版"
"1644","20151103","企业web版"
"1645","20151103","企业web版"
"1646","20151104","企业web版"
"1647","20151104","企业web版"
"1648","20151104","企业web版"
"1649","20151105","企业web版"
"1650","20151105","企业web版"
"1651","20151105","企业web版"
"1652","20151106","企业web版"
"1653","20151106","企业web版"
"1654","20151106","企业web版"
"1655","20151106","企业web版"
"1656","20151106","企业web版"
"1657","20151106","企业web版"
"1658","20151106","企业web版"
"1659","20151109","企业web版"
"1660","20151109","企业客户端"
"1661","20151110","企业客户端"
"1662","20151110","企业web版"
"1663","20151110","企业web版"
"1664","20151110","企业web版"
"1665","20151111","企业web版"
"1666","20151111","企业客户端"
"1667","20151111","企业web版"
"1668","20151112","企业web版"
"1669","20151112","企业web版"
"1670","20151112","企业web版"
"1671","20151112","企业web版"
"1672","20151113","企业web版"
"1673","20151113","企业web版"
"1674","20151113","企业web版"
"1675","20151113","企业web版"
"1676","20151113","企业web版"
"1677","20151116","企业web版"
"1678","20151116","企业web版"
"1679","20151116","企业web版"
"1680","20151116","企业web版"
"1681","20151116","企业web版"
"1682","20151116","企业web版"
"1683","20151116","企业web版"
"1684","20151117","企业web版"
"1685","20151117","企业web版"
"1686","20151117","企业web版"
"1687","20151118","企业web版"
"1688","20151119","企业web版"
"1689","20151119","企业web版"
"1690","20151119","企业web版"
"1691","20151119","企业web版"
"1692","20151119","企业web版"
"1693","20151119","企业web版"
"1694","20151119","企业web版"
"1695","20151119","柜台迁移"
"1696","20151120","企业web版"
"1697","20151120","企业web版"
"1698","20151120","企业web版"
"1699","20151121","企业web版"
"1700","20151123","企业客户端"
"1701","20151123","企业web版"
"1702","20151124","企业web版"
"1703","20151124","企业web版"
"1704","20151124","企业web版"
"1705","20151124","企业web版"
"1706","20151125","企业web版"
"1707","20151125","企业web版"
"1708","20151125","企业web版"
"1709","20151125","企业web版"
"1710","20151126","企业web版"
"1711","20151126","企业web版"
"1712","20151126","企业web版"
"1713","20151126","企业客户端"
"1714","20151126","企业web版"
"1715","20151126","企业web版"
"1716","20151126","企业web版"
"1717","20151126","企业web版"
"1718","20151126","企业web版"
"1719","20151126","企业web版"
"1720","20151126","企业web版"
"1721","20151126","企业web版"
"1722","20151126","企业客户端"
"1723","20151126","企业web版"
"1724","20151126","企业web版"
"1725","20151127","企业web版"
"1726","20151127","企业web版"
"1727","20151127","企业web版"
"1728","20151127","企业web版"
"1729","20151127","企业web版"
"1730","20151127","企业web版"
"1731","20151127","企业web版"
"1732","20151127","企业客户端"
"1733","20151130","企业web版"
"1734","20151130","企业web版"
"1735","20151130","企业web版"
"1736","20151130","企业web版"
"1737","20151130","企业web版"
"1738","20151130","企业web版"
"1739","20151130","企业web版"
"1740","20151201","企业web版"
"1741","20151201","企业web版"
"1742","20151201","企业web版"
"1743","20151201","企业web版"
"1744","20151202","企业web版"
"1745","20151202","企业web版"
"1746","20151202","企业web版"
"1747","20151202","企业web版"
"1748","20151202","企业web版"
"1749","20151203","企业web版"
"1750","20151203","企业web版"
"1751","20151203","企业web版"
"1752","20151203","企业web版"
"1753","20151203","企业web版"
"1754","20151203","企业web版"
"1755","20151203","企业web版"
"1756","20151203","企业客户端"
"1757","20151204","企业客户端"
"1758","20151204","企业web版"
"1759","20151204","柜台迁移"
"1760","20151204","企业web版"
"1761","20151207","企业web版"
"1762","20151207","企业web版"
"1763","20151207","企业web版"
"1764","20151207","企业web版"
"1765","20151207","企业web版"
"1766","20151207","企业web版"
"1767","20151207","企业web版"
"1768","20151208","企业web版"
"1769","20151208","企业web版"
"1770","20151208","企业web版"
"1771","20151208","企业web版"
"1772","20151208","企业web版"
"1773","20151208","企业web版"
"1774","20151208","企业web版"
"1775","20151208","企业web版"
"1776","20151208","企业web版"
"1777","20151209","企业web版"
"1778","20151209","企业web版"
"1779","20151209","企业web版"
"1780","20151209","企业web版"
"1781","20151209","企业web版"
"1782","20151209","企业web版"
"1783","20151209","企业web版"
"1784","20151209","企业web版"
"1785","20151209","企业web版"
"1786","20151209","企业web版"
"1787","20151209","企业web版"
"1788","20151209","企业web版"
"1789","20151209","企业web版"
"1790","20151209","企业web版"
"1791","20151210","企业web版"
"1792","20151210","企业web版"
"1793","20151210","企业web版"
"1794","20151210","企业web版"
"1795","20151210","企业web版"
"1796","20151210","企业web版"
"1797","20151210","企业客户端"
"1798","20151210","企业web版"
"1799","20151210","企业web版"
"1800","20151210","企业web版"
"1801","20151210","企业web版"
"1802","20151210","企业web版"
"1803","20151210","企业web版"
"1804","20151210","企业web版"
"1805","20151211","企业web版"
"1806","20151211","企业web版"
"1807","20151211","企业web版"
"1808","20151211","企业web版"
"1809","20151211","企业web版"
"1810","20151211","企业web版"
"1811","20151211","企业web版"
"1812","20151211","企业web版"
"1813","20151211","企业web版"
"1814","20151211","企业web版"
"1815","20151211","企业web版"
"1816","20151211","企业web版"
"1817","20151211","企业web版"
"1818","20151211","企业web版"
"1819","20151211","企业web版"
"1820","20151211","企业web版"
"1821","20151211","企业web版"
"1822","20151212","企业web版"
"1823","20151212","企业web版"
"1824","20151212","企业web版"
"1825","20151212","企业web版"
"1826","20151214","企业web版"
"1827","20151215","企业web版"
"1828","20151215","企业客户端"
"1829","20151215","企业web版"
"1830","20151216","企业web版"
"1831","20151216","企业web版"
"1832","20151216","企业web版"
"1833","20151217","企业web版"
"1834","20151217","企业web版"
"1835","20151217","企业web版"
"1836","20151217","企业web版"
"1837","20151217","企业web版"
"1838","20151218","企业web版"
"1839","20151221","企业web版"
"1840","20151221","企业web版"
"1841","20151222","企业web版"
"1842","20151222","企业web版"
"1843","20151222","企业web版"
"1844","20151222","企业web版"
"1845","20151222","企业web版"
"1846","20151223","企业web版"
"1847","20151223","企业web版"
"1848","20151223","企业web版"
"1849","20151223","企业web版"
"1850","20151223","企业web版"
"1851","20151223","企业web版"
"1852","20151223","企业web版"
"1853","20151223","企业web版"
"1854","20151223","企业web版"
"1855","20151223","企业web版"
"1856","20151223","企业web版"
"1857","20151223","企业web版"
"1858","20151223","企业web版"
"1859","20151223","企业web版"
"1860","20151223","企业web版"
"1861","20151223","企业web版"
"1862","20151223","企业web版"
"1863","20151223","企业web版"
"1864","20151224","企业web版"
"1865","20151224","企业web版"
"1866","20151224","企业web版"
"1867","20151224","企业web版"
"1868","20151225","企业web版"
"1869","20151225","企业web版"
"1870","20151225","企业web版"
"1871","20151225","企业web版"
"1872","20151228","企业web版"
"1873","20151228","企业web版"
"1874","20151228","企业web版"
"1875","20151228","企业web版"
"1876","20151228","企业web版"
"1877","20151228","企业web版"
"1878","20151228","企业web版"
"1879","20151229","柜台迁移"
"1880","20151229","企业web版"
"1881","20151229","企业web版"
"1882","20151229","企业web版"
"1883","20151229","企业web版"
"1884","20151230","企业web版"
"1885","20151230","企业web版"
"1886","20151230","企业web版"
"1887","20151230","企业web版"
"1888","20151230","企业web版"
"1889","20151230","企业web版"
"1890","20151230","企业web版"
"1891","20151231","企业web版"
"1892","20160103","企业web版"
"1893","20160104","企业web版"
"1894","20160104","企业web版"
"1895","20160105","企业web版"
"1896","20160105","企业web版"
"1897","20160105","企业web版"
"1898","20160106","企业web版"
"1899","20160106","企业web版"
"1900","20160106","企业web版"
"1901","20160106","企业web版"
"1902","20160106","企业web版"
"1903","20160107","企业web版"
"1904","20160107","企业web版"
"1905","20160107","企业web版"
"1906","20160107","企业web版"
"1907","20160108","企业web版"
"1908","20160108","企业web版"
"1909","20160108","企业web版"
"1910","20160108","企业web版"
"1911","20160108","企业web版"
"1912","20160109","企业web版"
"1913","20160110","企业web版"
"1914","20160111","企业web版"
"1915","20160111","企业web版"
"1916","20160111","企业web版"
"1917","20160112","企业web版"
"1918","20160112","企业web版"
"1919","20160112","企业web版"
"1920","20160112","企业web版"
"1921","20160113","企业web版"
"1922","20160113","企业web版"
"1923","20160114","企业web版"
"1924","20160114","企业web版"
"1925","20160114","企业web版"
"1926","20160114","企业web版"
"1927","20160115","企业web版"
"1928","20160115","企业web版"
"1929","20160115","企业web版"
"1930","20160115","企业web版"
"1931","20160116","企业web版"
"1932","20160118","企业web版"
"1933","20160118","企业web版"
"1934","20160118","企业web版"
"1935","20160118","企业web版"
"1936","20160119","企业web版"
"1937","20160120","企业web版"
"1938","20160120","企业web版"
"1939","20160120","企业web版"
"1940","20160120","企业web版"
"1941","20160120","企业web版"
"1942","20160120","企业web版"
"1943","20160120","客户端迁移"
"1944","20160120","客户端迁移"
"1945","20160120","企业web版"
"1946","20160120","企业web版"
"1947","20160120","企业web版"
"1948","20160120","企业web版"
"1949","20160120","企业web版"
"1950","20160120","企业web版"
"1951","20160120","企业web版"
"1952","20160120","企业web版"
"1953","20160121","企业web版"
"1954","20160121","企业web版"
"1955","20160121","企业web版"
"1956","20160121","企业web版"
"1957","20160121","企业web版"
"1958","20160121","企业web版"
"1959","20160121","企业web版"
"1960","20160121","企业web版"
"1961","20160121","企业web版"
"1962","20160121","企业web版"
"1963","20160121","企业web版"
"1964","20160121","企业web版"
"1965","20160121","企业web版"
"1966","20160122","企业web版"
"1967","20160122","企业web版"
"1968","20160122","企业web版"
"1969","20160122","企业web版"
"1970","20160122","企业web版"
"1971","20160122","企业web版"
"1972","20160122","企业web版"
"1973","20160122","企业web版"
"1974","20160123","企业web版"
"1975","20160125","企业web版"
"1976","20160125","企业web版"
"1977","20160126","企业web版"
"1978","20160126","企业web版"
"1979","20160126","企业web版"
"1980","20160127","企业web版"
"1981","20160127","企业web版"
"1982","20160127","企业web版"
"1983","20160128","企业web版"
"1984","20160128","企业web版"
"1985","20160128","企业web版"
"1986","20160128","企业web版"
"1987","20160128","企业web版"
"1988","20160128","企业web版"
"1989","20160128","企业web版"
"1990","20160128","企业web版"
"1991","20160128","企业web版"
"1992","20160128","企业web版"
"1993","20160129","企业web版"
"1994","20160129","企业web版"
"1995","20160129","企业web版"
"1996","20160129","企业web版"
"1997","20160129","企业web版"
"1998","20160129","企业web版"
"1999","20160201","企业web版"
"2000","20160201","企业web版"
"2001","20160201","企业web版"
"2002","20160201","企业web版"
"2003","20160201","企业web版"
"2004","20160202","企业web版"
"2005","20160202","企业web版"
"2006","20160202","企业web版"
"2007","20160202","企业web版"
"2008","20160202","企业web版"
"2009","20160202","企业web版"
"2010","20160202","企业web版"
"2011","20160202","企业web版"
"2012","20160202","企业web版"
"2013","20160202","企业web版"
"2014","20160202","企业web版"
"2015","20160202","企业web版"
"2016","20160202","企业web版"
"2017","20160202","企业web版"
"2018","20160202","企业web版"
"2019","20160202","企业web版"
"2020","20160202","企业web版"
"2021","20160202","企业web版"
"2022","20160202","企业web版"
"2023","20160202","企业web版"
"2024","20160202","企业web版"
"2025","20160202","企业web版"
"2026","20160202","企业web版"
"2027","20160202","企业web版"
"2028","20160202","企业web版"
"2029","20160202","企业web版"
"2030","20160202","企业web版"
"2031","20160202","企业web版"
"2032","20160202","企业web版"
"2033","20160202","企业web版"
"2034","20160202","企业web版"
"2035","20160202","企业web版"
"2036","20160202","企业web版"
"2037","20160202","企业web版"
"2038","20160202","企业web版"
"2039","20160202","企业web版"
"2040","20160202","企业web版"
"2041","20160202","企业web版"
"2042","20160202","企业web版"
"2043","20160202","企业web版"
"2044","20160202","企业web版"
"2045","20160203","企业web版"
"2046","20160203","企业web版"
"2047","20160203","企业web版"
"2048","20160203","企业web版"
"2049","20160203","企业web版"
"2050","20160203","企业web版"
"2051","20160203","企业web版"
"2052","20160203","企业web版"
"2053","20160203","企业web版"
"2054","20160203","企业web版"
"2055","20160204","企业web版"
"2056","20160204","企业web版"
"2057","20160204","企业web版"
"2058","20160204","企业web版"
"2059","20160204","企业web版"
"2060","20160204","企业web版"
"2061","20160204","企业web版"
"2062","20160204","企业web版"
"2063","20160204","企业web版"
"2064","20160204","企业web版"
"2065","20160204","企业web版"
"2066","20160204","企业web版"
"2067","20160204","企业web版"
"2068","20160204","企业web版"
"2069","20160204","企业web版"
"2070","20160204","企业web版"
"2071","20160204","企业web版"
"2072","20160204","企业web版"
"2073","20160204","企业web版"
"2074","20160204","企业web版"
"2075","20160204","企业web版"
"2076","20160204","企业web版"
"2077","20160204","企业web版"
"2078","20160214","企业web版"
"2079","20160216","企业web版"
"2080","20160216","企业web版"
"2081","20160216","企业web版"
"2082","20160217","企业web版"
"2083","20160217","企业web版"
"2084","20160217","企业web版"
"2085","20160217","企业web版"
"2086","20160217","企业web版"
"2087","20160217","企业web版"
"2088","20160217","企业web版"
"2089","20160217","企业web版"
"2090","20160219","企业web版"
"2091","20160220","企业web版"
"2092","20160221","企业web版"
"2093","20160222","企业web版"
"2094","20160222","企业客户端"
"2095","20160223","企业web版"
"2096","20160223","企业web版"
"2097","20160223","企业web版"
"2098","20160223","企业web版"
"2099","20160223","企业web版"
"2100","20160223","客户端迁移"
"2101","20160223","企业web版"
"2102","20160223","企业web版"
"2103","20160223","企业web版"
"2104","20160223","企业web版"
"2105","20160223","企业web版"
"2106","20160224","企业web版"
"2107","20160224","企业web版"
"2108","20160224","企业web版"
"2109","20160225","企业web版"
"2110","20160226","企业web版"
"2111","20160226","企业web版"
"2112","20160226","企业web版"
"2113","20160226","企业web版"
"2114","20160229","企业web版"
"2115","20160229","企业客户端"
"2116","20160229","企业web版"
"2117","20160229","企业web版"
"2118","20160301","企业web版"
"2119","20160301","企业web版"
"2120","20160302","企业web版"
"2121","20160302","企业web版"
"2122","20160302","企业客户端"
"2123","20160302","柜台迁移"
"2124","20160302","企业web版"
"2125","20160302","企业web版"
"2126","20160303","企业web版"
"2127","20160303","企业web版"
"2128","20160304","企业web版"
"2129","20160304","企业web版"
"2130","20160307","企业web版"
"2131","20160307","企业web版"
"2132","20160307","企业web版"
"2133","20160308","企业web版"
"2134","20160308","企业web版"
"2135","20160308","企业web版"
"2136","20160308","企业web版"
"2137","20160309","客户端迁移"
"2138","20160309","企业web版"
"2139","20160309","企业web版"
"2140","20160309","企业web版"
"2141","20160309","企业web版"
"2142","20160309","企业web版"
"2143","20160310","企业web版"
"2144","20160310","企业web版"
"2145","20160310","企业web版"
"2146","20160310","企业web版"
"2147","20160310","企业web版"
"2148","20160310","企业web版"
"2149","20160310","企业web版"
"2150","20160310","企业web版"
"2151","20160310","企业web版"
"2152","20160310","企业web版"
"2153","20160310","企业web版"
"2154","20160311","企业web版"
"2155","20160311","企业web版"
"2156","20160311","企业web版"
"2157","20160311","企业web版"
"2158","20160314","企业web版"
"2159","20160314","企业web版"
"2160","20160314","企业web版"
"2161","20160315","企业web版"
"2162","20160315","企业web版"
"2163","20160316","企业web版"
"2164","20160316","企业web版"
"2165","20160316","企业web版"
"2166","20160316","企业web版"
"2167","20160317","企业web版"
"2168","20160317","企业web版"
"2169","20160317","企业web版"
"2170","20160317","企业web版"
"2171","20160317","企业web版"
"2172","20160317","客户端迁移"
"2173","20160317","企业web版"
"2174","20160317","企业web版"
"2175","20160318","企业web版"
"2176","20160319","企业web版"
"2177","20160321","企业web版"
"2178","20160321","企业客户端"
"2179","20160321","企业web版"
"2180","20160322","企业web版"
"2181","20160322","企业web版"
"2182","20160322","企业web版"
"2183","20160323","企业web版"
"2184","20160323","企业web版"
"2185","20160324","企业web版"
"2186","20160324","企业web版"
"2187","20160324","企业web版"
"2188","20160325","企业web版"
"2189","20160325","企业web版"
"2190","20160326","企业web版"
"2191","20160328","企业web版"
"2192","20160328","企业web版"
"2193","20160329","企业web版"
"2194","20160329","企业web版"
"2195","20160329","企业web版"
"2196","20160329","企业web版"
"2197","20160329","企业web版"
"2198","20160330","企业web版"
"2199","20160330","企业web版"
"2200","20160330","企业web版"
"2201","20160330","企业web版"
"2202","20160330","企业web版"
"2203","20160330","企业web版"
"2204","20160331","企业web版"
"2205","20160331","企业web版"
"2206","20160331","企业web版"
"2207","20160331","企业web版"
"2208","20160331","企业web版"
"2209","20160331","企业web版"
"2210","20160331","企业web版"
"2211","20160401","企业客户端"
"2212","20160401","企业web版"
"2213","20160401","企业web版"
"2214","20160402","企业web版"
"2215","20160405","企业客户端"
"2216","20160406","企业web版"
"2217","20160406","企业web版"
"2218","20160406","企业web版"
"2219","20160406","企业web版"
"2220","20160406","企业web版"
"2221","20160406","企业web版"
"2222","20160406","企业web版"
"2223","20160406","企业web版"
"2224","20160406","企业web版"
"2225","20160407","企业web版"
"2226","20160407","企业web版"
"2227","20160407","企业web版"
"2228","20160407","企业web版"
"2229","20160407","企业web版"
"2230","20160407","企业web版"
"2231","20160408","企业web版"
"2232","20160408","企业web版"
"2233","20160408","企业客户端"
"2234","20160408","企业web版"
"2235","20160408","企业web版"
"2236","20160408","企业web版"
"2237","20160408","企业web版"
"2238","20160408","企业web版"
"2239","20160408","企业web版"
"2240","20160411","企业web版"
"2241","20160411","企业web版"
"2242","20160412","企业客户端"
"2243","20160413","企业web版"
"2244","20160413","企业web版"
"2245","20160413","企业web版"
"2246","20160413","企业web版"
"2247","20160413","企业web版"
"2248","20160413","柜台迁移"
"2249","20160413","企业web版"
"2250","20160414","企业web版"
"2251","20160414","企业web版"
"2252","20160414","企业web版"
"2253","20160414","企业web版"
"2254","20160414","企业web版"
"2255","20160414","企业web版"
"2256","20160414","企业web版"
"2257","20160414","企业web版"
"2258","20160414","企业web版"
"2259","20160414","企业web版"
"2260","20160414","企业web版"
"2261","20160414","企业web版"
"2262","20160414","企业web版"
"2263","20160414","企业web版"
"2264","20160414","企业web版"
"2265","20160415","企业web版"
"2266","20160415","企业web版"
"2267","20160418","企业web版"
"2268","20160418","企业web版"
"2269","20160418","企业web版"
"2270","20160418","企业web版"
"2271","20160418","企业web版"
"2272","20160419","企业客户端"
"2273","20160419","企业web版"
"2274","20160419","企业web版"
"2275","20160419","企业web版"
"2276","20160420","企业web版"
"2277","20160420","企业web版"
"2278","20160420","企业web版"
"2279","20160420","企业web版"
"2280","20160420","企业web版"
"2281","20160420","企业web版"
"2282","20160420","企业web版"
"2283","20160420","企业web版"
"2284","20160420","企业web版"
"2285","20160421","企业客户端"
"2286","20160421","企业web版"
"2287","20160421","企业web版"
"2288","20160421","企业web版"
"2289","20160421","企业web版"
"2290","20160422","企业web版"
"2291","20160422","企业web版"
"2292","20160422","企业web版"
"2293","20160422","企业web版"
"2294","20160422","企业客户端"
"2295","20160422","企业web版"
"2296","20160422","企业web版"
"2297","20160425","企业web版"
"2298","20160425","企业web版"
"2299","20160425","企业web版"
"2300","20160425","企业web版"
"2301","20160425","企业web版"
"2302","20160425","企业web版"
"2303","20160425","企业web版"
"2304","20160425","企业web版"
"2305","20160425","企业web版"
"2306","20160425","企业web版"
"2307","20160425","企业web版"
"2308","20160425","企业web版"
"2309","20160426","企业web版"
"2310","20160426","企业web版"
"2311","20160426","企业web版"
"2312","20160426","企业web版"
"2313","20160426","企业web版"
"2314","20160427","企业web版"
"2315","20160428","企业web版"
"2316","20160428","企业web版"
"2317","20160428","企业web版"
"2318","20160428","企业web版"
"2319","20160428","企业web版"
"2320","20160428","企业web版"
"2321","20160428","企业web版"
"2322","20160428","企业web版"
"2323","20160428","企业web版"
"2324","20160428","企业web版"
"2325","20160428","企业web版"
"2326","20160428","企业web版"
"2327","20160429","企业web版"
"2328","20160429","企业web版"
"2329","20160429","企业web版"
"2330","20160429","企业web版"
"2331","20160430","企业web版"
"2332","20160503","企业web版"
"2333","20160503","柜台迁移"
"2334","20160503","企业web版"
"2335","20160504","企业web版"
"2336","20160504","企业web版"
"2337","20160504","企业web版"
"2338","20160504","客户端迁移"
"2339","20160505","企业web版"
"2340","20160505","企业web版"
"2341","20160505","企业web版"
"2342","20160505","企业web版"
"2343","20160505","企业web版"
"2344","20160505","企业web版"
"2345","20160505","企业web版"
"2346","20160505","企业web版"
"2347","20160505","企业web版"
"2348","20160505","企业web版"
"2349","20160506","企业web版"
"2350","20160506","企业web版"
"2351","20160506","企业web版"
"2352","20160508","企业web版"
"2353","20160509","企业web版"
"2354","20160509","企业web版"
"2355","20160509","企业web版"
"2356","20160510","企业web版"
"2357","20160510","企业web版"
"2358","20160511","企业web版"
"2359","20160511","企业web版"
"2360","20160511","企业web版"
"2361","20160511","企业web版"
"2362","20160511","企业web版"
"2363","20160511","企业web版"
"2364","20160511","企业web版"
"2365","20160511","企业web版"
"2366","20160511","企业web版"
"2367","20160511","企业web版"
"2368","20160511","企业web版"
"2369","20160511","企业web版"
"2370","20160511","企业web版"
"2371","20160511","企业web版"
"2372","20160512","企业web版"
"2373","20160512","企业web版"
"2374","20160512","企业web版"
"2375","20160513","企业web版"
"2376","20160513","企业web版"
"2377","20160513","企业web版"
"2378","20160514","企业web版"
"2379","20160515","企业web版"
"2380","20160516","企业web版"
"2381","20160516","企业web版"
"2382","20160516","企业web版"
"2383","20160516","企业web版"
"2384","20160516","企业web版"
"2385","20160516","企业web版"
"2386","20160516","企业web版"
"2387","20160517","企业web版"
"2388","20160517","企业web版"
"2389","20160517","企业web版"
"2390","20160517","企业客户端"
"2391","20160518","企业web版"
"2392","20160518","企业web版"
"2393","20160518","企业web版"
"2394","20160518","企业web版"
"2395","20160519","企业web版"
"2396","20160519","企业web版"
"2397","20160520","企业客户端"
"2398","20160520","企业web版"
"2399","20160520","企业web版"
"2400","20160520","企业web版"
"2401","20160522","企业web版"
"2402","20160523","企业web版"
"2403","20160523","企业web版"
"2404","20160523","企业web版"
"2405","20160523","企业web版"
"2406","20160523","企业web版"
"2407","20160524","企业客户端"
"2408","20160524","企业客户端"
"2409","20160524","企业web版"
"2410","20160524","企业web版"
"2411","20160524","企业客户端"
"2412","20160524","企业web版"
"2413","20160525","企业web版"
"2414","20160525","企业web版"
"2415","20160525","企业web版"
"2416","20160525","企业web版"
"2417","20160525","企业web版"
"2418","20160525","柜台迁移"
"2419","20160525","企业web版"
"2420","20160526","企业web版"
"2421","20160526","企业web版"
"2422","20160526","企业web版"
"2423","20160526","企业web版"
"2424","20160526","企业web版"
"2425","20160526","柜台迁移"
"2426","20160526","企业web版"
"2427","20160526","企业web版"
"2428","20160526","企业web版"
"2429","20160526","企业web版"
"2430","20160526","企业web版"
"2431","20160526","企业web版"
"2432","20160526","企业web版"
"2433","20160526","企业web版"
"2434","20160526","企业web版"
"2435","20160526","企业web版"
"2436","20160527","企业web版"
"2437","20160527","企业web版"
"2438","20160527","企业web版"
"2439","20160527","企业web版"
"2440","20160527","企业web版"
"2441","20160527","企业web版"
"2442","20160527","企业web版"
"2443","20160527","企业web版"
"2444","20160529","企业web版"
"2445","20160530","企业web版"
"2446","20160530","企业web版"
"2447","20160530","企业web版"
"2448","20160530","企业web版"
"2449","20160530","企业web版"
"2450","20160530","企业web版"
"2451","20160530","企业web版"
"2452","20160530","企业web版"
"2453","20160530","企业web版"
"2454","20160530","企业web版"
"2455","20160530","企业web版"
"2456","20160531","企业web版"
"2457","20160531","企业web版"
"2458","20160531","企业web版"
"2459","20160531","企业web版"
"2460","20160531","企业web版"
"2461","20160531","企业web版"
"2462","20160601","企业web版"
"2463","20160601","企业web版"
"2464","20160601","企业web版"
"2465","20160601","企业web版"
"2466","20160601","企业web版"
"2467","20160601","企业web版"
"2468","20160601","企业web版"
"2469","20160601","企业web版"
"2470","20160601","企业web版"
"2471","20160601","企业web版"
"2472","20160602","企业web版"
"2473","20160602","企业web版"
"2474","20160602","企业web版"
"2475","20160602","企业web版"
"2476","20160602","企业web版"
"2477","20160602","企业web版"
"2478","20160602","企业web版"
"2479","20160602","企业web版"
"2480","20160603","企业web版"
"2481","20160603","企业web版"
"2482","20160603","企业web版"
"2483","20160603","企业web版"
"2484","20160603","企业web版"
"2485","20160606","企业客户端"
"2486","20160606","企业客户端"
"2487","20160606","企业web版"
"2488","20160606","企业web版"
"2489","20160607","企业web版"
"2490","20160607","企业web版"
"2491","20160607","企业web版"
"2492","20160607","企业web版"
"2493","20160607","企业web版"
"2494","20160608","企业web版"
"2495","20160608","企业web版"
"2496","20160610","企业web版"
"2497","20160611","企业web版"
"2498","20160613","企业web版"
"2499","20160613","企业web版"
"2500","20160613","企业web版"
"2501","20160613","企业web版"
"2502","20160613","企业web版"
"2503","20160614","企业web版"
"2504","20160614","企业web版"
"2505","20160615","企业客户端"
"2506","20160615","企业web版"
"2507","20160615","企业web版"
"2508","20160616","企业web版"
"2509","20160616","企业web版"
"2510","20160616","企业web版"
"2511","20160616","企业web版"
"2512","20160616","企业web版"
"2513","20160616","企业web版"
"2514","20160616","企业web版"
"2515","20160617","企业web版"
"2516","20160617","企业web版"
"2517","20160618","企业web版"
"2518","20160620","企业web版"
"2519","20160620","企业web版"
"2520","20160620","企业web版"
"2521","20160620","企业web版"
"2522","20160621","企业web版"
"2523","20160621","企业web版"
"2524","20160621","企业web版"
"2525","20160622","企业web版"
"2526","20160622","企业web版"
"2527","20160622","企业web版"
"2528","20160622","企业web版"
"2529","20160622","企业web版"
"2530","20160622","企业web版"
"2531","20160622","企业web版"
"2532","20160622","企业web版"
"2533","20160622","企业web版"
"2534","20160622","客户端迁移"
"2535","20160622","企业web版"
"2536","20160622","企业web版"
"2537","20160622","企业web版"
"2538","20160622","企业客户端"
"2539","20160623","企业web版"
"2540","20160623","企业web版"
"2541","20160623","企业web版"
"2542","20160623","企业web版"
"2543","20160623","企业web版"
"2544","20160623","企业客户端"
"2545","20160623","企业web版"
"2546","20160624","企业web版"
"2547","20160624","企业web版"
"2548","20160624","企业web版"
"2549","20160625","企业web版"
"2550","20160627","企业web版"
"2551","20160627","企业web版"
"2552","20160627","企业web版"
"2553","20160627","企业web版"
"2554","20160627","企业web版"
"2555","20160628","企业web版"
"2556","20160628","企业客户端"
"2557","20160628","企业web版"
"2558","20160628","企业客户端"
"2559","20160629","企业客户端"
"2560","20160629","企业web版"
"2561","20160629","企业客户端"
"2562","20160629","企业web版"
"2563","20160630","企业web版"
"2564","20160630","企业web版"
"2565","20160630","企业web版"
"2566","20160703","企业web版"
"2567","20160704","企业web版"
"2568","20160704","企业web版"
"2569","20160704","企业web版"
"2570","20160704","企业web版"
"2571","20160704","企业web版"
"2572","20160704","企业客户端"
"2573","20160704","企业web版"
"2574","20160704","企业web版"
"2575","20160704","企业web版"
"2576","20160705","企业web版"
"2577","20160706","企业web版"
"2578","20160707","企业web版"
"2579","20160707","企业web版"
"2580","20160707","企业web版"
"2581","20160707","企业web版"
"2582","20160707","企业web版"
"2583","20160708","企业web版"
"2584","20160708","企业web版"
"2585","20160708","企业web版"
"2586","20160708","企业web版"
"2587","20160708","企业web版"
"2588","20160709","企业web版"
"2589","20160711","企业web版"
"2590","20160712","企业web版"
"2591","20160713","企业客户端"
"2592","20160714","企业web版"
"2593","20160714","企业web版"
"2594","20160714","企业web版"
"2595","20160714","企业客户端"
"2596","20160714","企业web版"
"2597","20160714","企业web版"
"2598","20160714","企业客户端"
"2599","20160715","企业web版"
"2600","20160715","企业客户端"
"2601","20160715","企业客户端"
"2602","20160715","企业web版"
"2603","20160717","企业web版"
"2604","20160718","企业web版"
"2605","20160718","企业客户端"
"2606","20160718","企业web版"
"2607","20160718","企业web版"
"2608","20160718","企业web版"
"2609","20160718","企业客户端"
"2610","20160718","企业web版"
"2611","20160718","企业web版"
"2612","20160719","企业web版"
"2613","20160719","企业web版"
"2614","20160719","企业web版"
"2615","20160720","企业web版"
"2616","20160720","企业客户端"
"2617","20160720","企业web版"
"2618","20160720","企业web版"
"2619","20160720","企业web版"
"2620","20160721","企业web版"
"2621","20160721","企业客户端"
"2622","20160721","企业客户端"
"2623","20160721","企业web版"
"2624","20160721","企业web版"
"2625","20160721","企业web版"
"2626","20160721","企业web版"
"2627","20160722","企业web版"
"2628","20160722","企业web版"
"2629","20160722","企业web版"
"2630","20160722","企业客户端"
"2631","20160722","企业web版"
"2632","20160722","企业web版"
"2633","20160722","企业web版"
"2634","20160722","企业web版"
"2635","20160722","企业web版"
"2636","20160722","企业web版"
"2637","20160724","企业web版"
"2638","20160724","企业web版"
"2639","20160725","企业客户端"
"2640","20160725","企业web版"
"2641","20160726","企业web版"
"2642","20160726","企业web版"
"2643","20160727","企业web版"
"2644","20160728","企业客户端"
"2645","20160729","企业客户端"
"2646","20160729","企业客户端"
"2647","20160729","企业客户端"
"2648","20160731","企业web版"
"2649","20160801","企业web版"
"2650","20160801","企业客户端"
"2651","20160801","企业web版"
"2652","20160802","企业web版"
"2653","20160803","企业web版"
"2654","20160803","企业web版"
"2655","20160804","企业web版"
"2656","20160804","企业web版"
"2657","20160804","企业web版"
"2658","20160804","企业web版"
"2659","20160805","企业web版"
"2660","20160805","企业web版"
"2661","20160805","企业web版"
"2662","20160805","企业客户端"
"2663","20160809","企业web版"
"2664","20160810","企业web版"
"2665","20160810","企业web版"
"2666","20160811","企业客户端"
"2667","20160812","企业客户端"
"2668","20160812","企业web版"
"2669","20160812","企业web版"
"2670","20160815","企业web版"
"2671","20160816","企业web版"
"2672","20160816","企业web版"
"2673","20160816","企业web版"
"2674","20160816","企业web版"
"2675","20160816","企业web版"
"2676","20160817","企业web版"
"2677","20160817","企业web版"
"2678","20160817","企业web版"
"2679","20160818","企业web版"
"2680","20160822","企业web版"
"2681","20160822","企业web版"
"2682","20160824","企业web版"
"2683","20160824","企业web版"
"2684","20160824","企业web版"
"2685","20160825","企业web版"
"2686","20160825","企业web版"
"2687","20160825","企业客户端"
"2688","20160825","企业web版"
"2689","20160825","企业web版"
"2690","20160825","企业web版"
"2691","20160829","企业web版"
"2692","20160829","企业web版"
"2693","20160829","企业web版"
"2694","20160829","企业web版"
"2695","20160829","企业web版"
"2696","20160830","企业客户端"
"2697","20160830","企业web版"
"2698","20160831","企业web版"
"2699","20160831","企业客户端"
"2700","20160831","企业web版"
"2701","20160831","企业web版"
"2702","20160831","企业web版"
"2703","20160901","企业web版"
"2704","20160905","企业web版"
"2705","20160905","企业web版"
"2706","20160905","企业web版"
"2707","20160905","企业web版"
"2708","20160905","企业web版"
"2709","20160905","企业web版"
"2710","20160905","企业web版"
"2711","20160905","企业web版"
"2712","20160905","企业web版"
"2713","20160905","企业web版"
"2714","20160905","企业web版"
"2715","20160905","企业web版"
"2716","20160905","企业web版"
"2717","20160905","企业web版"
"2718","20160905","企业web版"
"2719","20160905","企业web版"
"2720","20160906","企业web版"
"2721","20160907","企业客户端"
"2722","20160907","企业客户端"
"2723","20160908","企业客户端"
"2724","20160908","企业web版"
"2725","20160908","企业web版"
"2726","20160909","企业web版"
"2727","20160909","企业web版"
"2728","20160909","企业web版"
"2729","20160912","企业web版"
"2730","20160912","企业web版"
"2731","20160912","企业web版"
"2732","20160912","企业web版"
"2733","20160913","企业web版"
"2734","20160913","企业web版"
"2735","20160914","企业web版"
"2736","20160914","企业客户端"
"2737","20160914","企业web版"
"2738","20160914","企业web版"
"2739","20160917","企业web版"
"2740","20160918","企业web版"
"2741","20160919","企业web版"
"2742","20160919","企业web版"
"2743","20160921","企业web版"
"2744","20160921","企业web版"
"2745","20160921","企业web版"
"2746","20160921","企业web版"
"2747","20160922","企业web版"
"2748","20160923","企业客户端"
"2749","20160925","企业web版"
"2750","20160927","企业web版"
"2751","20160927","企业web版"
"2752","20160928","企业web版"
"2753","20160928","企业web版"
"2754","20160928","企业客户端"
"2755","20160928","企业web版"
"2756","20160928","企业web版"
"2757","20160928","企业客户端"
"2758","20160929","企业web版"
"2759","20160929","企业web版"
"2760","20160929","企业web版"
"2761","20160929","企业web版"
"2762","20160929","企业web版"
"2763","20160929","企业web版"
"2764","20160929","企业web版"
"2765","20160929","企业web版"
"2766","20160929","企业web版"
"2767","20160929","企业web版"
"2768","20160929","企业web版"
"2769","20160929","企业web版"
"2770","20160929","企业web版"
"2771","20160929","企业web版"
"2772","20160929","企业web版"
"2773","20160929","企业web版"
"2774","20160929","企业web版"
"2775","20160930","企业web版"
"2776","20160930","企业客户端"
"2777","20161001","企业web版"
"2778","20161003","企业web版"
"2779","20161004","企业web版"
"2780","20161009","企业web版"
"2781","20161010","企业客户端"
"2782","20161011","企业web版"
"2783","20161012","企业web版"
"2784","20161013","企业web版"
"2785","20161013","企业web版"
"2786","20161013","企业web版"
"2787","20161013","企业web版"
"2788","20161013","企业web版"
"2789","20161014","柜台迁移"
"2790","20161014","企业web版"
"2791","20161016","企业web版"
"2792","20161018","企业web版"
"2793","20161018","企业web版"
"2794","20161018","企业web版"
"2795","20161018","企业客户端"
"2796","20161019","企业客户端"
"2797","20161019","企业web版"
"2798","20161019","企业web版"
"2799","20161019","企业web版"
"2800","20161020","企业web版"
"2801","20161021","企业web版"
"2802","20161021","企业web版"
"2803","20161022","企业web版"
"2804","20161024","企业web版"
"2805","20161024","企业web版"
"2806","20161024","企业客户端"
"2807","20161025","企业web版"
"2808","20161025","企业客户端"
"2809","20161025","企业web版"
"2810","20161025","企业web版"
"2811","20161026","企业客户端"
"2812","20161026","企业客户端"
"2813","20161026","企业web版"
"2814","20161028","企业客户端"
"2815","20161029","企业web版"
"2816","20161030","企业web版"
"2817","20161031","企业web版"
"2818","20161031","企业web版"
"2819","20161031","企业web版"
"2820","20161031","企业web版"
"2821","20161031","企业web版"
"2822","20161101","企业web版"
"2823","20161102","企业客户端"
"2824","20161102","企业web版"
"2825","20161103","企业web版"
"2826","20161105","企业web版"
"2827","20161107","企业web版"
"2828","20161107","企业客户端"
"2829","20161108","企业web版"
"2830","20161108","企业web版"
"2831","20161109","企业web版"
"2832","20161109","企业web版"
"2833","20161110","企业web版"
"2834","20161110","企业web版"
"2835","20161110","企业web版"
"2836","20161111","企业web版"
"2837","20161111","企业web版"
"2838","20161111","企业web版"
"2839","20161113","企业web版"
"2840","20161113","企业web版"
"2841","20161115","企业web版"
"2842","20161115","企业web版"
"2843","20161116","企业客户端"
"2844","20161116","企业web版"
"2845","20161117","企业web版"
"2846","20161117","企业web版"
"2847","20161117","企业web版"
"2848","20161118","企业web版"
"2849","20161118","企业web版"
"2850","20161118","企业web版"
"2851","20161119","企业web版"
"2852","20161120","企业web版"
"2853","20161121","企业web版"
"2854","20161121","企业web版"
"2855","20161121","企业web版"
"2856","20161122","企业web版"
"2857","20161122","企业web版"
"2858","20161123","企业web版"
"2859","20161123","企业web版"
"2860","20161124","企业web版"
"2861","20161124","企业web版"
"2862","20161124","企业web版"
"2863","20161128","企业web版"
"2864","20161129","企业web版"
"2865","20161130","企业web版"
"2866","20161130","企业web版"
"2867","20161130","企业web版"
"2868","20161130","企业web版"
"2869","20161201","企业web版"
"2870","20161201","企业web版"
"2871","20161202","企业web版"
"2872","20161202","企业web版"
"2873","20161204","企业web版"
"2874","20161205","企业web版"
"2875","20161206","柜台迁移"
"2876","20161206","企业web版"
"2877","20161208","企业web版"
"2878","20161208","企业客户端"
"2879","20161208","企业web版"
"2880","20161209","企业web版"
"2881","20161209","企业web版"
"2882","20161210","企业web版"
"2883","20161213","企业客户端"
"2884","20161213","企业web版"
"2885","20161215","企业web版"
"2886","20161215","企业web版"
"2887","20161216","柜台迁移"
"2888","20161216","柜台迁移"
"2889","20161216","企业web版"
"2890","20161216","企业web版"
"2891","20161216","企业web版"
"2892","20161216","企业web版"
"2893","20161217","企业web版"
"2894","20161219","企业web版"
"2895","20161219","企业web版"
"2896","20161219","企业客户端"
"2897","20161220","企业web版"
"2898","20161220","企业web版"
"2899","20161220","企业客户端"
"2900","20161220","企业web版"
"2901","20161220","企业web版"
"2902","20161220","企业web版"
"2903","20161221","企业web版"
"2904","20161221","企业web版"
"2905","20161221","企业web版"
"2906","20161222","企业web版"
"2907","20161222","企业客户端"
"2908","20161222","企业web版"
"2909","20161223","企业web版"
"2910","20161223","企业web版"
"2911","20161226","企业web版"
"2912","20161226","企业客户端"
"2913","20161227","企业web版"
"2914","20161227","企业web版"
"2915","20161227","企业web版"
"2916","20161227","企业web版"
"2917","20161227","企业web版"
"2918","20161227","企业web版"
"2919","20161228","企业web版"
"2920","20161228","企业web版"
"2921","20161228","企业web版"
"2922","20161228","企业web版"
"2923","20161228","企业web版"
"2924","20161228","企业web版"
"2925","20161228","企业web版"
"2926","20161228","企业web版"
"2927","20161228","企业web版"
"2928","20161229","企业web版"
"2929","20161229","企业web版"
"2930","20161230","企业web版"
"2931","20161230","企业web版"
"2932","20161230","企业web版"
"2933","20161230","企业客户端"
"2934","20161231","企业web版"
"2935","20161231","企业web版"
"2936","20161231","企业web版"
"2937","20161231","企业web版"
"2938","20170104","企业web版"
"2939","20170104","企业web版"
"2940","20170105","企业web版"
"2941","20170106","企业web版"
"2942","20170106","企业web版"
"2943","20170106","企业客户端"
"2944","20170107","企业web版"
"2945","20170109","企业web版"
"2946","20170110","企业web版"
"2947","20170110","企业web版"
"2948","20170110","企业web版"
"2949","20170110","企业web版"
"2950","20170110","企业web版"
"2951","20170110","企业web版"
"2952","20170111","企业web版"
"2953","20170111","企业web版"
"2954","20170111","企业web版"
"2955","20170111","企业web版"
"2956","20170111","企业web版"
"2957","20170112","企业web版"
"2958","20170113","企业web版"
"2959","20170116","企业web版"
"2960","20170117","企业web版"
"2961","20170117","企业web版"
"2962","20170117","企业web版"
"2963","20170117","企业web版"
"2964","20170118","企业web版"
"2965","20170118","企业客户端"
"2966","20170118","企业客户端"
"2967","20170119","企业web版"
"2968","20170119","企业web版"
"2969","20170119","企业web版"
"2970","20170120","企业web版"
"2971","20170120","企业web版"
"2972","20170122","企业web版"
"2973","20170122","企业web版"
"2974","20170123","企业web版"
"2975","20170123","企业web版"
"2976","20170124","企业web版"
"2977","20170125","企业web版"
"2978","20170125","企业web版"
"2979","20170125","企业web版"
"2980","20170125","企业web版"
"2981","20170131","企业web版"
"2982","20170204","企业web版"
"2983","20170204","企业web版"
"2984","20170205","企业web版"
"2985","20170206","企业客户端"
"2986","20170206","企业web版"
"2987","20170206","企业web版"
"2988","20170207","企业客户端"
"2989","20170207","企业web版"
"2990","20170207","企业web版"
"2991","20170208","企业web版"
"2992","20170208","企业web版"
"2993","20170208","企业web版"
"2994","20170209","企业web版"
"2995","20170209","企业web版"
"2996","20170209","企业web版"
"2997","20170210","企业web版"
"2998","20170211","企业web版"
"2999","20170211","企业web版"
"3000","20170211","企业web版"
"3001","20170212","企业web版"
"3002","20170213","企业web版"
"3003","20170215","企业web版"
"3004","20170215","企业web版"
"3005","20170216","企业web版"
"3006","20170216","企业web版"
"3007","20170216","企业web版"
"3008","20170216","企业web版"
"3009","20170219","企业web版"
"3010","20170220","企业web版"
"3011","20170220","企业web版"
"3012","20170220","企业web版"
"3013","20170221","企业web版"
"3014","20170221","企业客户端"
"3015","20170222","企业web版"
"3016","20170222","企业客户端"
"3017","20170222","企业APP"
"3018","20170222","企业web版"
"3019","20170222","企业APP"
"3020","20170222","企业web版"
"3021","20170222","企业web版"
"3022","20170223","企业客户端"
"3023","20170223","企业web版"
"3024","20170223","企业APP"
"3025","20170223","企业APP"
"3026","20170223","企业APP"
"3027","20170223","企业APP"
"3028","20170223","企业APP"
"3029","20170223","企业web版"
"3030","20170223","企业web版"
"3031","20170223","企业客户端"
"3032","20170224","企业web版"
"3033","20170224","企业web版"
"3034","20170227","企业APP"
"3035","20170227","企业web版"
"3036","20170227","企业web版"
"3037","20170228","企业web版"
